Div,Date,HomeTeam,AwayTeam,FTHG,FTAG,FTR,HTHG,HTAG,HTR,B365H,B365D,B365A,BWH,BWD,BWA,GBH,GBD,GBA,IWH,IWD,IWA,LBH,LBD,LBA,SBH,SBD,SBA,WHH,WHD,WHA
SP1,28/08/2004,Ath Madrid,Malaga,2,0,H,1,0,H,1.72,3.25,4.33,1.9,3.35,3.6,1.85,3.25,4.3,1.75,3.1,4.2,1.73,3.2,4.33,1.8,3.25,4.2,1.72,3.2,4.33
SP1,28/08/2004,Espanol,La Coruna,1,1,D,1,0,H,2.87,3.2,2.4,3.4,3.25,2,3,3.3,2.25,2.9,3,2.2,2.6,3.2,2.38,3,3.2,2.2,2.62,3.1,2.37
SP1,28/08/2004,Numancia,Betis,1,1,D,1,1,D,2.5,3.2,2.5,2.5,3.15,2.6,2.6,3.2,2.6,2.4,2.9,2.7,2.5,3.2,2.5,2.62,3.1,2.5,2.5,3.1,2.5
SP1,29/08/2004,Mallorca,Real Madrid,0,1,A,0,0,D,5,3.4,1.72,4.5,3.4,1.7,4.75,3.3,1.77,3.8,3.1,1.8,4.33,3.2,1.73,4.33,3.4,1.73,4.2,3.25,1.72
SP1,29/08/2004,Osasuna,Ath Bilbao,1,1,D,1,1,D,2.3,3.2,2.7,2.25,3.2,2.9,2.3,3.25,2.95,2.4,2.9,2.7,2.25,3.2,2.75,2.4,3.1,2.75,2.3,3.1,2.75
SP1,29/08/2004,Santander,Barcelona,0,2,A,0,0,D,5,3.4,1.72,4.5,3.4,1.7,4.75,3.4,1.75,3.8,3.1,1.8,4.5,3.25,1.67,4.33,3.4,1.73,3.8,3.25,1.8
SP1,29/08/2004,Sevilla,Albacete,1,0,H,0,0,D,1.66,3.4,4.5,1.7,3.4,4.5,1.72,3.4,5,1.75,3.2,4,1.62,3.25,5,1.67,3.4,4.75,1.6,3.4,4.8
SP1,29/08/2004,Sociedad,Levante,1,1,D,0,1,A,1.72,3.25,4.33,1.7,3.4,4.5,1.73,3.3,5,1.7,3.1,4.4,1.67,3.25,4.5,1.67,3.4,4.75,1.61,3.1,5.5
SP1,29/08/2004,Zaragoza,Getafe,3,1,H,1,1,D,1.72,3.25,4.33,1.85,3.25,4,1.8,3.35,4.5,1.75,3.1,4.2,1.62,3.25,5,1.73,3.4,4.33,1.72,3.2,4.33
SP1,30/08/2004,Valencia,Villarreal,2,1,H,2,0,H,1.61,3.4,5,1.45,3.75,7,1.63,3.3,6,1.55,3.5,4.8,1.53,3.5,5.5,1.53,3.6,6,,,
SP1,11/09/2004,Ath Bilbao,Valencia,2,2,D,2,0,H,2.7,3.2,2.3,2.7,3.15,2.4,2.8,3.2,2.43,2.5,3,2.5,2.6,3.2,2.375,2.8,3.1,2.37,2.5,3.1,2.5
SP1,11/09/2004,Barcelona,Sevilla,2,0,H,1,0,H,1.444,4,7.5,1.4,4,7.25,1.45,4,7.25,1.4,3.7,6.5,1.364,3.75,8,1.44,3.75,7,1.4,3.6,7.5
SP1,11/09/2004,Real Madrid,Numancia,1,0,H,1,0,H,1.2,6,13,1.2,5.5,11.5,1.2,5.9,13,1.2,5,10,1.2,5,11,1.2,5.5,12,1.2,5,11
SP1,12/09/2004,Albacete,Ath Madrid,0,2,A,0,0,D,2.75,3.2,2.5,2.4,3.15,2.7,2.65,3.3,2.53,2.5,3,2.5,2.5,3.2,2.5,2.62,3.1,2.5,2.5,3.1,2.5
SP1,12/09/2004,Betis,Espanol,1,4,A,0,2,A,2,3.25,3.25,1.9,3.25,3.7,2,3.25,3.7,1.9,3,3.6,1.833,3.2,3.75,1.9,3.25,3.75,1.9,3.2,3.5
SP1,12/09/2004,Getafe,Mallorca,1,2,A,0,1,A,2.375,3.2,2.625,2.2,3.2,3,2.35,3.2,2.95,2.4,2.9,2.7,2.4,2.875,2.75,2.5,3.2,2.6,2.37,3.1,2.62
SP1,12/09/2004,La Coruna,Osasuna,1,3,A,1,0,H,1.444,3.75,6.5,1.5,3.6,6.25,1.53,3.7,6.5,1.45,3.6,5.8,1.5,3.4,6,1.5,3.6,6.5,1.5,3.4,6
SP1,12/09/2004,Levante,Santander,3,1,H,0,1,A,2.1,3.2,3.1,2.1,3.2,3.2,2.1,3.25,3.4,2,3,3.3,2,3.2,3.2,2.2,3.1,3.1,2.1,3.1,3.1
SP1,12/09/2004,Malaga,Zaragoza,0,0,D,0,0,D,2.1,3.25,3,2.15,3.3,3,2.2,3.1,3.35,2,3,3.3,2.2,3.2,2.8,2.1,3.2,3.2,2.1,3.1,3.1
SP1,12/09/2004,Villarreal,Sociedad,0,0,D,0,0,D,1.727,3.25,4.333,1.8,3.25,4.2,1.8,3.35,4.5,1.85,3.1,3.6,1.8,3.25,3.75,1.75,3.3,4.5,1.83,3.3,3.6
SP1,18/09/2004,Espanol,Real Madrid,1,0,H,1,0,H,3.75,3.2,2,4,3.35,1.8,3.8,3.3,1.95,3.5,3.1,1.9,3.75,3.25,1.8,3.8,3.4,1.83,3.75,3.3,1.8
SP1,18/09/2004,Osasuna,Betis,3,2,H,0,1,A,2,3.25,3.25,2,3.25,3.4,2,3.25,3.7,1.85,3.1,3.6,1.83,3.2,3.75,2,3.1,3.6,1.9,3.2,3.5
SP1,18/09/2004,Valencia,Sociedad,3,1,H,1,0,H,1.44,3.75,6.5,1.45,3.8,6.7,1.5,3.75,6.75,1.5,3.7,5,1.44,3.6,6.5,1.5,3.6,6.5,1.44,3.6,6.5
SP1,19/09/2004,Ath Bilbao,La Coruna,1,2,A,0,0,D,2.3,3.2,2.7,2.4,3.15,2.7,2.4,3.25,2.8,2.2,3,2.9,2.1,3.2,3,2.4,3.1,2.75,2.3,3,2.8
SP1,19/09/2004,Ath Madrid,Barcelona,1,1,D,0,1,A,2.75,3.25,2.25,2.8,3.2,2.3,3.1,3.25,2.2,2.9,3,2.2,3,3.2,2.1,3,3.2,2.2,2.8,3.1,2.25
SP1,19/09/2004,Mallorca,Malaga,1,2,A,0,1,A,1.9,3.25,3.5,1.8,3.3,4.1,2,3.25,3.65,1.85,3.1,3.6,1.83,3.2,3.75,1.91,3.25,3.75,1.9,3.1,3.6
SP1,19/09/2004,Numancia,Getafe,1,0,H,1,0,H,1.9,3.25,3.5,1.9,3.25,3.75,2,3.25,3.7,2,3,3.3,1.8,3.25,3.75,2,3.25,3.4,1.95,3.1,3.5
SP1,19/09/2004,Santander,Villarreal,1,1,D,0,0,D,2.3,3.2,2.7,2.45,3.15,2.65,2.5,3.25,2.7,2.5,3,2.5,2.5,3.2,2.5,2.5,3.1,2.62,2.37,3.1,2.62
SP1,19/09/2004,Sevilla,Levante,3,0,H,1,0,H,1.72,3.25,4.33,1.7,3.4,4.55,1.75,3.35,4.8,1.75,3.2,4,1.62,3.25,5,1.67,3.4,4.8,1.61,3.3,5
SP1,19/09/2004,Zaragoza,Albacete,4,3,H,1,2,A,1.72,3.25,4.33,1.8,3.3,4.1,1.77,3.3,4.75,1.85,3.1,3.6,1.57,3.5,5,1.73,3.25,4.5,1.7,3.3,4.33
SP1,21/09/2004,Real Madrid,Osasuna,1,0,H,0,0,D,1.44,3.75,6.5,1.4,4,7,1.42,4.25,7,1.4,3.9,6,1.36,4,7,1.44,4.2,6,1.4,3.75,7
SP1,22/09/2004,Albacete,Mallorca,0,0,D,0,0,D,2.25,3.2,2.8,2.4,3.1,2.75,2.35,3.2,2.9,2.1,3,3.1,2.25,3.2,2.75,2.38,3.1,2.8,2.37,3.1,2.62
SP1,22/09/2004,Betis,Ath Bilbao,2,1,H,1,1,D,2.3,3.2,2.7,2.2,3.2,3,2.3,3.2,3,2.2,2.9,3,2.25,3.2,2.75,2.3,3.1,2.9,2.25,3.2,2.75
SP1,22/09/2004,Getafe,Espanol,1,0,H,1,0,H,2.62,3.2,2.37,2.65,3.25,2.35,2.85,3.2,2.4,2.8,2.9,2.3,2.75,3.2,2.25,2.75,3.2,2.38,2.6,3.1,2.4
SP1,22/09/2004,La Coruna,Valencia,1,5,A,0,4,A,2.4,3.2,2.6,2.5,3.1,2.65,2.4,3.2,2.85,2.2,3,2.9,2.38,3,2.75,2.4,3.1,2.8,2.4,3.1,2.6
SP1,22/09/2004,Levante,Ath Madrid,1,0,H,1,0,H,2.62,3.2,2.37,2.8,3.15,2.35,2.75,3.25,2.4,2.8,2.9,2.3,2.6,3.2,2.38,2.75,3.2,2.38,2.6,3.1,2.4
SP1,22/09/2004,Malaga,Numancia,4,1,H,3,0,H,1.8,3.2,4,1.85,3.2,4,1.8,3.3,4.5,1.85,3,3.8,1.73,3.2,4.33,1.83,3.1,4.33,1.8,3.1,4
SP1,22/09/2004,Sociedad,Santander,0,1,A,0,1,A,1.8,3.2,4,1.7,3.4,4.5,1.8,3.3,4.5,1.75,3.1,4.2,1.73,3.2,4.33,1.8,3.2,4.33,1.8,3.3,3.75
SP1,22/09/2004,Villarreal,Sevilla,0,0,D,0,0,D,2.2,3.2,2.87,1.95,3.3,3.5,2.1,3.25,3.4,2,3,3.3,2.1,3.2,3,2.1,3.2,3.25,2.1,3.2,3
SP1,23/09/2004,Barcelona,Zaragoza,4,1,H,1,1,D,1.33,4,8.5,1.3,4.5,9,1.33,4.5,9,1.3,4.2,8,1.33,4,8,1.33,4.33,8.5,1.36,3.75,8
SP1,25/09/2004,Ath Bilbao,Real Madrid,2,1,H,2,0,H,3,3.25,2.3,3.2,3.2,2.1,3.1,3.2,2.25,2.7,3,2.3,2.75,3.2,2.25,3,3.2,2.2,2.75,3.2,2.25
SP1,25/09/2004,Ath Madrid,Villarreal,1,0,H,1,0,H,1.8,3.25,4,1.75,3.35,4.3,1.87,3.25,4.15,1.85,3.1,3.6,1.67,3.25,4.5,1.8,3.2,4.33,1.8,3.1,4
SP1,25/09/2004,La Coruna,Betis,1,1,D,0,0,D,1.66,3.4,4.5,1.55,3.55,5.7,1.67,3.4,5.25,1.65,3.3,4.4,1.62,3.25,5,1.62,3.4,5.5,1.66,3.3,4.5
SP1,26/09/2004,Espanol,Malaga,1,0,H,0,0,D,1.9,3.25,3.5,1.8,3.3,4.1,1.85,3.25,4.2,1.9,3.1,3.5,1.73,3.2,4.33,1.91,3.2,3.8,1.8,3.1,4
SP1,26/09/2004,Mallorca,Barcelona,1,3,A,0,3,A,4.33,3.25,1.72,4.1,3.3,1.8,4.75,3.4,1.73,4,3.2,1.75,5,3.5,1.57,4.33,3.4,1.73,4.33,3.2,1.72
SP1,26/09/2004,Numancia,Albacete,0,0,D,0,0,D,2,3.25,3.25,1.9,3.25,3.75,2.1,3.1,3.55,2.1,3,3.1,1.91,3.2,3.5,2.1,3.2,3.25,1.9,3.2,3.5
SP1,26/09/2004,Osasuna,Getafe,2,1,H,2,1,H,1.66,3.4,4.5,1.6,3.5,5.2,1.65,3.3,5.8,1.65,3.3,4.4,1.53,3.5,5.5,1.62,3.4,5.5,1.61,3.3,5
SP1,26/09/2004,Sevilla,Sociedad,2,1,H,1,1,D,1.8,3.25,4,1.85,3.25,3.95,1.83,3.3,4.3,1.85,3.1,3.6,1.73,3.2,4.33,1.8,3.25,4.2,1.8,3.1,4
SP1,26/09/2004,Valencia,Santander,2,0,H,2,0,H,1.28,4.5,8.5,1.3,4.7,8.25,1.35,4.5,8.5,1.3,4.2,8,1.3,4,9,1.3,4.5,9,1.36,3.75,8
SP1,26/09/2004,Zaragoza,Levante,4,3,H,1,2,A,1.72,3.25,4.33,1.75,3.35,4.3,1.75,3.4,4.65,1.85,3.1,3.6,1.62,3.25,5,1.73,3.4,4.33,1.7,3.2,4.5
SP1,02/10/2004,Betis,Valencia,1,1,D,1,1,D,3.4,3.25,2.1,3.4,3.25,2,3.5,3.25,2.05,3.2,3.1,2,3.2,3.2,2,3.4,3.25,2,3.1,3.1,2.1
SP1,02/10/2004,Sociedad,Ath Madrid,1,0,H,1,0,H,2.5,3.2,2.75,2.4,3.2,2.7,2.5,3.2,2.7,2.3,2.9,2.8,2.2,3.25,2.75,2.6,3,2.6,2.4,3.1,2.6
SP1,03/10/2004,Albacete,Espanol,1,0,H,0,0,D,2.4,3.2,2.6,2.5,3.15,2.6,2.6,3.15,2.65,2.4,3,2.6,2.6,3.2,2.38,2.6,3,2.6,2.5,3.1,2.5
SP1,03/10/2004,Barcelona,Numancia,1,0,H,0,0,D,1.2,5,12,1.15,6.25,14,1.2,5.75,14,1.2,5,10,1.2,5,11,1.17,6,13,1.2,5,11
SP1,03/10/2004,Getafe,Ath Bilbao,3,1,H,1,0,H,2.4,3.2,2.6,2.75,3.2,2.35,2.7,3.15,2.55,2.5,3,2.5,2.6,3.2,2.38,2.75,3.2,2.38,2.5,3.1,2.5
SP1,03/10/2004,Levante,Mallorca,2,0,H,2,0,H,2,3.25,3.25,2,3.25,3.4,2.05,3.25,3.5,1.9,3.1,3.5,1.91,3.2,3.5,2.1,3.2,3.2,2.05,3.1,3.2
SP1,03/10/2004,Malaga,Osasuna,2,0,H,1,0,H,1.9,3.25,3.5,2.05,3.25,3.25,2.2,3.2,3.2,2.1,3,3.1,2.1,3.2,3,2.1,3.2,3.2,2.1,3.2,3
SP1,03/10/2004,Real Madrid,La Coruna,0,1,A,0,1,A,1.61,3.4,6,1.5,3.6,6.25,1.57,3.55,6.25,1.55,3.5,4.8,1.57,3.5,5,1.57,3.6,5.5,1.53,3.5,5.5
SP1,03/10/2004,Santander,Sevilla,0,0,D,0,0,D,2.4,3.2,2.6,2.4,3.2,2.7,2.55,3.15,2.7,2.4,2.9,2.7,2.38,3.2,2.6,2.5,3.2,2.6,2.4,3.1,2.6
SP1,03/10/2004,Villarreal,Zaragoza,2,0,H,1,0,H,2.1,3.25,3,1.9,3.25,3.75,2.05,3.25,3.5,2,3,3.3,2.1,3.2,3,2.05,3.2,3.3,2,3.1,3.3
SP1,16/10/2004,Betis,Real Madrid,1,1,D,1,0,H,3.5,3.2,2.1,3.15,3.25,2.1,3.2,3.2,2.2,3.1,3,2.1,2.8,3.2,2.2,3.2,3.25,2.1,3,3.1,2.15
SP1,16/10/2004,Espanol,Barcelona,0,1,A,0,1,A,4.5,3.25,1.83,3.95,3.4,1.8,4.35,3.35,1.82,4.2,3.1,1.75,4,3.2,1.8,4.33,3.4,1.75,4.33,3.2,1.72
SP1,16/10/2004,La Coruna,Getafe,2,1,H,1,0,H,1.4,3.75,7.5,1.3,4.5,9,1.4,4,8.6,1.35,4,7,1.44,3.6,6.5,1.4,4,7.5,1.4,3.75,7
SP1,17/10/2004,Ath Bilbao,Malaga,1,0,H,1,0,H,1.8,3.25,4,1.85,3.2,4,1.85,3.3,4.25,1.8,3.1,3.8,1.83,3.2,3.75,1.85,3.25,4,1.8,3.1,4
SP1,17/10/2004,Ath Madrid,Santander,1,0,H,1,0,H,1.57,3.4,5.5,1.45,3.75,7,1.6,3.5,6,1.45,3.8,5.4,1.62,3.25,5,1.53,3.6,6,1.57,3.3,5.5
SP1,17/10/2004,Mallorca,Villarreal,1,1,D,1,1,D,2.37,3.2,2.62,2.45,3.1,2.7,2.55,3.1,2.75,2.5,3,2.5,2.38,3,2.75,2.38,3.2,2.75,2.3,3.1,2.75
SP1,17/10/2004,Numancia,Levante,1,3,A,0,1,A,2.2,3,3.1,2.25,3.1,3,2.3,3.1,3.1,2.3,2.8,2.9,2.2,3.2,2.8,2.25,3.1,3,2.15,3.1,3
SP1,17/10/2004,Osasuna,Albacete,3,2,H,2,1,H,1.72,3.25,4.33,1.7,3.3,4.75,1.75,3.35,4.75,1.7,3.2,4.2,1.67,3.25,4.5,1.73,3.4,4.5,1.7,3.2,4.5
SP1,17/10/2004,Valencia,Sevilla,1,2,A,0,0,D,1.53,3.5,7,1.5,3.55,6.5,1.53,3.7,6.5,1.45,3.8,5.4,1.57,3.25,5.5,1.53,3.6,6,1.5,3.4,6
SP1,17/10/2004,Zaragoza,Sociedad,2,1,H,1,1,D,1.83,3.25,3.75,1.95,3.25,3.5,1.9,3.3,4,1.9,3.1,3.5,1.73,3.2,4.33,1.91,3.25,3.75,1.9,3.1,3.6
SP1,23/10/2004,Malaga,La Coruna,1,1,D,1,0,H,2.4,3.2,2.6,2.55,3.15,2.55,2.5,3.2,2.75,2.5,3,2.5,2.4,3.1,2.6,2.4,3.2,2.7,2.5,3.1,2.5
SP1,23/10/2004,Real Madrid,Valencia,1,0,H,1,0,H,2,3.25,3.5,1.95,3.25,3.55,2,3.25,3.7,1.85,3.1,3.6,1.91,3.2,3.5,2,3.2,3.5,1.9,3.25,3.4
SP1,24/10/2004,Albacete,Ath Bilbao,1,0,H,1,0,H,2.37,3.2,2.62,2.2,3.2,3,2.4,3.1,2.95,2.3,2.9,2.8,2.38,3,2.75,2.4,3.1,2.8,2.37,3.1,2.62
SP1,24/10/2004,Barcelona,Osasuna,3,0,H,2,0,H,1.33,4.5,9,1.3,4.7,8.25,1.3,4.8,10,1.35,4,7,1.3,4,9,1.33,4.5,8,1.33,4,8
SP1,24/10/2004,Getafe,Betis,0,2,A,0,0,D,2.25,3.2,2.8,2.1,3.2,3.2,2.25,3.2,3.1,2.3,2.9,2.8,2.2,3.2,2.8,2.3,3.2,2.88,2.25,3.1,2.8
SP1,24/10/2004,Levante,Espanol,0,2,A,0,0,D,2,3.2,3.3,2,3.25,3.4,2.1,3.25,3.4,2,3,3.3,1.91,3.2,3.5,2,3.25,3.4,2.15,3.1,3
SP1,24/10/2004,Santander,Zaragoza,1,0,H,1,0,H,2.25,3.2,2.8,2.3,3.2,2.8,2.35,3.2,2.9,2.3,3,2.7,2.38,3,2.75,2.38,3.1,2.8,2.2,3.1,2.87
SP1,24/10/2004,Sevilla,Ath Madrid,2,1,H,1,0,H,1.9,3.25,3.5,1.9,3.25,3.75,1.95,3.35,3.75,1.85,3.1,3.6,1.8,3.2,4,1.91,3.25,3.75,2,3.1,3.3
SP1,24/10/2004,Sociedad,Mallorca,2,1,H,1,0,H,1.8,3.25,4,1.9,3.25,3.75,1.83,3.25,4.5,1.8,3.1,3.8,1.83,3.2,3.75,1.85,3.25,4,1.83,3.2,3.75
SP1,24/10/2004,Villarreal,Numancia,4,0,H,1,0,H,1.66,3.4,4.5,1.7,3.4,4.55,1.67,3.5,5.25,1.65,3.2,4.6,1.62,3.25,5,1.57,3.4,6,1.66,3.3,4.5
SP1,30/10/2004,Ath Bilbao,Barcelona,1,1,D,1,1,D,4,3.25,1.9,4,3.2,1.85,4,3.3,1.9,3.5,3.1,1.9,4,3.2,1.8,3.75,3.25,1.91,3.6,3.1,1.9
SP1,30/10/2004,Valencia,Ath Madrid,1,1,D,0,0,D,1.8,3.1,5,1.7,3.4,4.55,1.75,3.3,4.85,1.7,3.2,4.2,1.67,3.2,5,1.73,3.4,4.5,1.66,3.3,4.5
SP1,31/10/2004,Betis,Malaga,1,1,D,1,1,D,1.83,3.25,3.75,1.85,3.25,3.95,1.95,3.25,3.85,1.85,3.1,3.6,1.8,3.2,4,1.91,3.2,3.8,1.9,3,3.75
SP1,31/10/2004,Espanol,Villarreal,0,0,D,0,0,D,2,3.25,3.25,2,3.25,3.4,2.1,3.25,3.4,2,3.1,3.2,1.83,3,4,2.1,3.2,3.25,1.9,3.1,3.6
SP1,31/10/2004,La Coruna,Albacete,0,0,D,0,0,D,1.44,3.75,6.5,1.4,4,7.25,1.47,3.75,7.5,1.45,3.8,5.4,1.4,3.75,7,1.44,3.75,7,1.44,3.6,6.5
SP1,31/10/2004,Mallorca,Santander,1,2,A,0,1,A,2,3.25,3.25,2,3.25,3.4,2.1,3.2,3.4,2.1,3,3.1,2.1,3.2,3,2.1,3.2,3.25,1.95,3.1,3.5
SP1,31/10/2004,Numancia,Sociedad,0,2,A,0,0,D,2.37,3.2,2.62,2.35,3.2,2.75,2.5,3.2,2.75,2.4,2.9,2.7,2.25,3.2,2.75,2.4,3.2,2.7,2.3,3.1,2.75
SP1,31/10/2004,Osasuna,Levante,0,1,A,0,1,A,1.83,3.25,3.75,1.8,3.3,4.1,1.85,3.3,4.25,1.8,3.1,3.8,1.8,3.25,3.75,1.75,3.3,4.5,1.8,3.25,3.8
SP1,31/10/2004,Real Madrid,Getafe,2,0,H,1,0,H,1.2,5,12,1.2,5.5,11.5,1.2,5.85,13,1.2,5,10,1.2,5,11,1.2,5.5,12,1.16,5.5,12
SP1,31/10/2004,Zaragoza,Sevilla,3,0,H,2,0,H,2.25,3.25,2.75,2,3.25,3.4,2.35,3.25,2.9,2.3,2.9,2.8,2.25,3.2,2.75,2.3,3.2,2.88,2.3,3.1,2.75
SP1,06/11/2004,Albacete,Betis,0,0,D,0,0,D,2.2,3.25,2.8,2.2,3.2,3,2.2,3.3,3.1,2.2,2.9,3,2.2,3,3,2.25,3.25,2.9,2.15,3.2,2.9
SP1,06/11/2004,Barcelona,La Coruna,2,1,H,2,1,H,1.53,3.6,7,1.55,3.5,5.75,1.61,3.45,5.85,1.6,3.4,4.6,1.57,3.25,5.5,1.57,3.6,5.5,1.57,3.3,5.5
SP1,07/11/2004,Ath Madrid,Zaragoza,1,1,D,0,1,A,1.8,3.25,4,1.85,3.25,3.95,1.85,3.3,4.3,1.8,3.1,3.8,1.8,3.2,4,1.83,3.3,4,1.72,3.2,4.33
SP1,07/11/2004,Getafe,Valencia,1,0,H,1,0,H,3.5,3.25,1.9,3.75,3.25,1.9,3.55,3.35,2,3.6,3,1.9,3.2,3.2,2,3.5,3.2,2,3.5,3.2,1.9
SP1,07/11/2004,Levante,Ath Bilbao,1,0,H,0,0,D,2,3.25,3.25,2,3.25,3.4,2.05,3.25,3.5,2,3,3.3,1.91,3.2,3.5,2.1,3.1,3.3,2.15,3.1,3
SP1,07/11/2004,Malaga,Real Madrid,0,2,A,0,1,A,3.25,3.25,2,3.7,3.4,1.85,3.65,3.3,1.97,3.3,3,2,3.2,3.2,2,3.5,3.2,2,3,3.2,2.1
SP1,07/11/2004,Santander,Numancia,2,0,H,0,0,D,1.66,3.4,4.5,1.75,3.35,4.3,1.7,3.35,5.1,1.65,3.3,4.4,1.67,3.25,4.5,1.67,3.4,5,1.7,3.2,4.5
SP1,07/11/2004,Sevilla,Mallorca,1,1,D,0,0,D,1.5,3.5,6,1.45,3.8,6.7,1.55,3.5,6.5,1.45,3.8,5.4,1.5,3.4,6,1.5,3.75,6,1.53,3.4,5.5
SP1,07/11/2004,Sociedad,Espanol,0,2,A,0,0,D,2,3.25,3.25,1.95,3.25,3.55,2.05,3.3,3.5,1.9,3,3.6,1.83,3.2,3.75,2.1,3.1,3.3,2,3.1,3.3
SP1,07/11/2004,Villarreal,Osasuna,3,0,H,2,0,H,1.83,3.25,3.75,1.85,3.25,3.95,1.85,3.3,4.2,1.85,3.1,3.6,1.73,3.2,4.33,1.91,3.25,3.75,1.9,3,3.75
SP1,13/11/2004,Ath Bilbao,Villarreal,2,1,H,0,0,D,2.1,3.25,3,2.1,3.2,3.2,2.15,3.2,3.3,2.2,2.9,3,1.91,3,3.75,2.2,3.1,3.1,1.95,3.2,3.3
SP1,13/11/2004,Espanol,Santander,2,1,H,1,0,H,1.8,3.25,4,1.8,3.3,4.1,1.85,3.3,4.3,1.8,3.1,3.8,1.8,3.2,4,1.85,3.25,4,1.72,3.2,4.33
SP1,13/11/2004,Getafe,Malaga,1,0,H,0,0,D,2.1,3.25,3,2,3.25,3.4,2.25,3.15,3.2,2.2,3,2.9,2,3.2,3.2,2.2,3.2,3,2.05,3.1,3.2
SP1,13/11/2004,La Coruna,Levante,1,0,H,0,0,D,1.66,3.6,5,1.7,3.4,4.55,1.7,3.4,5.1,1.7,3.2,4.2,1.73,3.2,4.33,1.62,3.5,5.2,1.61,3.3,5
SP1,13/11/2004,Numancia,Sevilla,2,1,H,0,0,D,2.8,3.25,2.2,3.05,3.2,2.15,3.35,3.25,2.1,2.9,3,2.2,3,3.2,2.1,3,3.25,2.2,2.9,3,2.25
SP1,13/11/2004,Osasuna,Sociedad,1,0,H,0,0,D,2.1,3.25,3,1.95,3.25,3.55,2.1,3.2,3.5,2.2,2.9,3,1.91,3.2,3.5,2.1,3.2,3.25,2,3.1,3.3
SP1,13/11/2004,Valencia,Zaragoza,0,0,D,0,0,D,1.72,3.25,4.33,1.6,3.5,5.2,1.73,3.4,4.75,1.7,3.2,4.2,1.73,3.2,4.33,1.67,3.4,5,1.61,3.3,5
SP1,14/11/2004,Betis,Barcelona,2,1,H,0,0,D,4.5,3.4,1.8,4.3,3.35,1.75,4.5,3.4,1.77,3.8,3,1.85,4.33,3.2,1.73,4.33,3.25,1.8,4,3.1,1.8
SP1,14/11/2004,Mallorca,Ath Madrid,1,1,D,1,0,H,2.37,3.2,2.62,2.55,3.2,2.5,2.5,3.1,2.8,2.7,3,2.3,2.38,3,2.75,2.5,3.2,2.6,2.5,3.1,2.5
SP1,14/11/2004,Real Madrid,Albacete,6,1,H,3,1,H,1.25,5.5,10,1.3,4.7,8.25,1.26,5.3,10.5,1.25,4.5,9,1.25,4.5,10,1.22,5.25,11,1.22,5,9.5
SP1,20/11/2004,Barcelona,Real Madrid,3,0,H,2,0,H,2.2,3.2,3.25,2.15,3.25,3.05,2.2,3.2,3.25,2.1,2.9,3.2,2,3.2,3.2,2.1,3.25,3.2,2.1,3,3.2
SP1,20/11/2004,Malaga,Valencia,0,2,A,0,1,A,2.6,3.2,2.4,2.7,3.2,2.4,2.6,3.2,2.6,2.9,3,2.2,2.5,3.2,2.5,2.6,3.2,2.5,2.5,3.1,2.5
SP1,20/11/2004,Villarreal,La Coruna,0,2,A,0,1,A,2.25,3.2,2.8,2.3,3.2,2.8,2.3,3.2,3,2.3,2.9,2.8,2.2,3.2,2.8,2.3,3.2,2.88,2.25,3.1,2.8
SP1,21/11/2004,Albacete,Getafe,1,1,D,0,0,D,2,3.2,3.3,2,3.25,3.4,2,3.2,3.7,1.8,3.1,3.8,2,3.2,3.2,2,3.2,3.5,1.83,3.2,3.75
SP1,21/11/2004,Ath Madrid,Numancia,2,0,H,0,0,D,1.5,3.5,6,1.45,3.8,6.7,1.5,3.8,6.6,1.5,3.5,5.4,1.53,3.5,5.5,1.5,3.75,6,1.44,3.6,6.5
SP1,21/11/2004,Levante,Betis,1,2,A,1,1,D,2.1,3.2,3.1,1.95,3.25,3.55,2.15,3.2,3.35,2.1,2.9,3.2,2.1,3.2,3,2.1,3.25,3.2,2.15,3.2,2.9
SP1,21/11/2004,Santander,Osasuna,1,1,D,0,1,A,2.1,3.2,3.1,1.9,3.25,3.75,2.1,3.2,3.5,2.2,2.9,3,1.91,3.2,3.5,2,3.2,3.5,2.05,3.2,3.1
SP1,21/11/2004,Sevilla,Espanol,1,0,H,1,0,H,1.9,3.2,3.6,1.9,3.25,3.75,1.91,3.3,4,1.9,3.1,3.5,1.91,3.2,3.5,1.91,3.25,3.75,1.83,3.2,3.75
SP1,21/11/2004,Sociedad,Ath Bilbao,3,2,H,0,2,A,2.25,3.2,3.1,2.1,3.2,3.2,2.25,3.2,3.1,2.2,2.9,3,2.1,3.2,3,2.2,3.2,3,2.15,2.9,3.2
SP1,21/11/2004,Zaragoza,Mallorca,0,1,A,0,1,A,1.66,3.4,4.5,1.6,3.5,5.2,1.73,3.4,4.85,1.7,3.2,4.2,1.62,3.25,5,1.67,3.4,5,1.61,3.3,5
SP1,27/11/2004,Ath Bilbao,Santander,3,0,H,2,0,H,1.9,3.25,3.5,1.95,3.25,3.55,1.9,3.3,4,1.85,3.1,3.6,1.8,3.2,4,1.91,3.25,3.75,1.83,3.2,3.75
SP1,27/11/2004,Espanol,Ath Madrid,2,1,H,0,0,D,2.25,3.2,3.1,2,3.25,3.4,2.2,3.25,3.15,2.1,3,3.1,2,3.2,3.2,2.2,3.1,3.1,2.05,3.1,3.2
SP1,27/11/2004,Getafe,Barcelona,1,2,A,0,2,A,5.5,3.4,1.57,5.2,3.5,1.6,5.5,3.4,1.65,4.4,3.3,1.65,6,3.4,1.5,5.5,3.6,1.57,5.5,3.3,1.57
SP1,28/11/2004,Betis,Villarreal,2,1,H,2,0,H,1.83,3.1,4,1.85,3.25,3.95,1.93,3.2,4,1.9,3.1,3.5,1.73,3.2,4.33,1.91,3.1,4,1.8,3.1,4
SP1,28/11/2004,La Coruna,Sociedad,2,2,D,2,1,H,1.57,3.4,5.5,1.55,3.55,5.7,1.65,3.4,5.5,1.55,3.5,4.8,1.62,3.25,5,1.57,3.6,5.5,1.61,3.3,5
SP1,28/11/2004,Malaga,Albacete,0,2,A,0,1,A,1.9,3.25,3.5,1.8,3.3,4.1,1.93,3.2,4,1.9,3.1,3.5,1.8,3.25,3.75,1.83,3.25,4.2,1.72,3.2,4.33
SP1,28/11/2004,Numancia,Zaragoza,2,1,H,2,1,H,2.5,3.2,2.5,2.4,3.2,2.7,2.55,3.2,2.65,2.6,2.8,2.6,2.5,3.2,2.5,2.6,3.2,2.5,2.4,3.1,2.6
SP1,28/11/2004,Osasuna,Sevilla,4,1,H,1,1,D,2.25,3.2,2.8,2.15,3.2,3.1,2.2,3.25,3.15,2.1,3,3.1,2.1,3.2,3,2.3,3.2,2.88,2.15,3.1,3
SP1,28/11/2004,Real Madrid,Levante,5,0,H,1,0,H,1.28,4.5,8.5,1.25,5.25,9,1.3,4.6,11,1.33,4,7.5,1.25,4.5,10,1.29,4.6,10,1.25,4.5,10
SP1,28/11/2004,Valencia,Mallorca,2,0,H,1,0,H,1.5,3.5,6,1.4,4,7.25,1.57,3.25,7.5,1.45,3.8,5.4,1.57,3.25,5.5,1.44,3.8,7,1.53,3.5,5.5
SP1,04/12/2004,Albacete,Valencia,0,1,A,0,0,D,3,3.25,2.1,3.1,3.2,2.15,3.15,3.25,2.2,2.9,3,2.2,3,3.2,2.1,3.1,3.1,2.2,3,3.1,2.15
SP1,04/12/2004,Barcelona,Malaga,4,0,H,2,0,H,1.22,5.5,13,1.25,5.25,9,1.25,5.3,11,1.2,5,10,1.17,5.5,12,1.2,5.5,12,1.22,5,9.5
SP1,04/12/2004,Sociedad,Betis,1,0,H,1,0,H,2.25,3.25,2.75,2.1,3.2,3.2,2.35,3.1,3,2.3,2.8,2.9,2.25,3.2,2.75,2.38,3.2,2.75,2.2,3.1,2.87
SP1,05/12/2004,Ath Madrid,Osasuna,3,2,H,2,1,H,1.8,3.25,4,1.8,3.3,4.1,1.85,3.3,4.3,1.85,3.1,3.6,1.8,3.2,4,1.85,3.25,4,1.72,3.2,4.33
SP1,05/12/2004,Levante,Getafe,0,0,D,0,0,D,1.8,3.25,4,1.8,3.3,4.1,1.8,3.3,4.5,1.7,3.2,4.2,1.73,3.2,4.33,1.8,3.2,4.33,1.72,3.2,4.33
SP1,05/12/2004,Mallorca,Numancia,3,2,H,0,1,A,1.8,3.25,4,1.85,3.25,3.95,1.8,3.3,4.5,1.8,3.1,3.8,1.8,3.2,4,1.73,3.4,4.5,1.8,3.1,4
SP1,05/12/2004,Santander,La Coruna,2,2,D,1,0,H,2.6,3.2,2.4,2.8,3.2,2.3,2.65,3.25,2.55,2.8,2.9,2.3,2.6,3.2,2.38,2.8,3.1,2.4,2.6,3.1,2.4
SP1,05/12/2004,Sevilla,Ath Bilbao,2,0,H,0,0,D,1.8,3.25,4,1.7,3.4,4.55,1.85,3.3,4.3,1.7,3.1,4.4,1.73,3.2,4.33,1.8,3.3,4.2,1.72,3.2,4.33
SP1,05/12/2004,Villarreal,Real Madrid,0,0,D,0,0,D,3.5,3.25,1.9,3.4,3.15,2.05,3.5,3.25,2.05,3.3,3,2,3.2,3.2,2,3.5,3.2,2,3,3.2,2.1
SP1,05/12/2004,Zaragoza,Espanol,0,1,A,0,1,A,2.2,3.25,2.8,2.1,3.2,3.2,2.2,3.25,3.15,2.2,3,2.9,2.1,3.2,3,2.2,3.25,3,2.1,3.1,3.1
SP1,11/12/2004,Albacete,Barcelona,1,2,A,0,1,A,6,3.4,1.61,5.75,3.55,1.55,5.75,3.4,1.63,4.4,3.3,1.65,6,3.4,1.5,5.5,3.6,1.62,5.5,3.3,1.57
SP1,11/12/2004,Ath Bilbao,Ath Madrid,1,0,H,1,0,H,2,3.25,3.25,2,3.3,3.35,2,3.3,3.6,2,3,3.3,1.8,3.2,4,2,3.25,3.4,1.9,3.2,3.5
SP1,12/12/2004,Betis,Santander,2,1,H,1,0,H,1.72,3.25,4.33,1.75,3.35,4.3,1.77,3.3,4.75,1.75,3.2,4,1.67,3.25,4.5,1.73,3.4,4.5,1.7,3.3,4.33
SP1,12/12/2004,Espanol,Mallorca,2,1,H,2,0,H,1.66,3.4,4.5,1.6,3.5,5.25,1.7,3.4,5.1,1.7,3.2,4.2,1.62,3.25,5,1.67,3.4,4.8,1.6,3.4,4.8
SP1,12/12/2004,Getafe,Villarreal,1,2,A,0,1,A,2.25,3.25,2.75,2.25,3.25,2.85,2.3,3.2,3,2.3,2.9,2.8,2.1,3.2,3,2.25,3.25,2.88,2.2,3.1,2.87
SP1,12/12/2004,La Coruna,Sevilla,2,2,D,0,1,A,1.83,3.1,4,1.8,3.35,4,1.95,3.3,3.8,1.65,3.3,4.4,1.83,3.2,3.75,1.83,3.3,4,1.83,3.2,3.75
SP1,12/12/2004,Malaga,Levante,1,0,H,0,0,D,2.2,3.1,3,2.1,3.25,3.15,2.25,3.2,3.1,2.3,3,2.7,2.1,3.2,3,2.2,3.2,3,2.1,3.2,3
SP1,12/12/2004,Osasuna,Zaragoza,2,2,D,1,1,D,1.9,3.25,3.5,1.75,3.35,4.3,1.95,3.2,4,1.85,3.1,3.6,1.73,3.2,4.33,1.91,3.25,3.75,1.8,3.3,3.75
SP1,12/12/2004,Valencia,Numancia,1,0,H,1,0,H,1.36,4,7.5,1.3,4.75,8.2,1.35,4.25,9.5,1.25,4.3,9.5,1.33,4,8,1.33,4.33,8.5,1.33,4,8
SP1,18/12/2004,Barcelona,Valencia,1,1,D,0,0,D,1.66,3.4,5.5,1.65,3.45,4.85,1.7,3.35,5.25,1.7,3.2,4.2,1.62,3.25,5,1.62,3.6,5.5,1.61,3.3,5
SP1,18/12/2004,Levante,Albacete,1,1,D,1,1,D,1.83,3.25,3.75,1.9,3.3,3.65,1.95,3.25,3.9,1.85,3.1,3.6,1.91,3.2,3.5,1.91,3.25,3.75,1.83,3.2,3.75
SP1,18/12/2004,Santander,Real Madrid,2,3,A,1,1,D,4,3.25,1.9,4,3.35,1.8,4,3.25,1.91,3.6,3.1,1.85,4,3.2,1.8,4,3.4,1.85,3.5,3.2,1.9
SP1,19/12/2004,Ath Madrid,La Coruna,1,0,H,1,0,H,2.2,3.25,2.8,2.05,3.25,3.25,2.25,3.2,3.1,2.3,2.8,2.9,2,3.2,3.2,2.2,3.25,3,2.1,3.2,3
SP1,19/12/2004,Mallorca,Osasuna,1,2,A,0,2,A,2.2,3.25,2.8,2.1,3.3,3.1,2.2,3.25,3.15,2.2,2.9,3,2.2,3.2,2.8,2.2,3.25,3,2.2,3.1,2.87
SP1,19/12/2004,Numancia,Espanol,0,0,D,0,0,D,2.8,3.25,2.2,2.85,3.25,2.25,3,3.25,2.3,2.7,3,2.3,2.8,3.2,2.2,2.88,3.25,2.25,2.75,3.1,2.3
SP1,19/12/2004,Sevilla,Betis,2,1,H,1,1,D,2.2,3,3.1,2.25,3.15,2.95,2.25,3,3.35,2.5,2.7,2.8,2.2,3,3,2.2,3,3.2,2.2,2.75,3.25
SP1,19/12/2004,Sociedad,Getafe,1,1,D,0,0,D,1.66,3.4,4.5,1.65,3.45,4.85,1.68,3.4,5.25,1.6,3.3,4.8,1.62,3.25,5,1.67,3.4,5,1.66,3.3,4.5
SP1,19/12/2004,Villarreal,Malaga,3,0,H,1,0,H,1.66,3.4,4.5,1.7,3.35,4.4,1.7,3.35,5.25,1.7,3.2,4.2,1.62,3.25,5,1.73,3.4,4.5,1.72,3.2,4.33
SP1,19/12/2004,Zaragoza,Ath Bilbao,0,2,A,0,0,D,2,3.25,3.25,2,3.3,3.35,2,3.25,3.7,2.1,2.9,3.2,1.91,3.2,3.5,2,3.2,3.5,1.9,3.2,3.5
SP1,21/12/2004,Barcelona,Levante,2,1,H,1,0,H,1.2,5,11,1.2,6,10,1.21,5.75,13,1.2,5,10,1.22,5,10,1.2,5.5,12,1.22,5,9.5
SP1,21/12/2004,Betis,Ath Madrid,1,0,H,1,0,H,1.9,3.25,3.4,1.9,3.3,3.65,1.91,3.25,4,1.9,3.1,3.5,1.8,3.2,4,1.91,3.2,3.75,1.83,3.2,3.75
SP1,22/12/2004,Albacete,Villarreal,2,2,D,1,2,A,2.25,3.2,2.75,2.45,3.15,2.65,2.45,3.25,2.75,2.4,2.9,2.7,2.25,3.2,2.75,2.3,3.2,2.8,2.25,3.2,2.75
SP1,22/12/2004,Ath Bilbao,Mallorca,4,0,H,2,0,H,1.61,3.25,5,1.65,3.45,4.85,1.65,3.4,5.5,1.6,3.4,4.6,1.62,3.25,5,1.57,3.5,5.5,1.61,3.3,5
SP1,22/12/2004,Getafe,Santander,2,0,H,2,0,H,2.2,3.25,2.75,2.2,3.25,2.95,2.2,3.25,3.15,2.1,3,3.1,2,3.2,3.2,2.1,3.2,3.2,2.1,3.2,3
SP1,22/12/2004,La Coruna,Zaragoza,2,3,A,0,1,A,1.61,3.5,4.5,1.7,3.4,4.55,1.7,3.4,5,1.7,3.2,4.2,1.73,3.2,4.33,1.67,3.4,4.8,1.61,3.5,4.5
SP1,22/12/2004,Malaga,Sociedad,1,5,A,1,1,D,2.25,3.25,2.7,2.25,3.25,2.85,2.35,3.25,2.9,2.3,2.9,2.8,2.38,3.2,2.6,2.3,3.2,2.8,2.15,3.3,2.8
SP1,22/12/2004,Osasuna,Numancia,2,0,H,0,0,D,1.5,3.4,6,1.6,3.5,5.25,1.55,3.5,6.75,1.55,3.4,5,1.5,3.4,6,1.53,3.5,6,1.53,3.5,5.5
SP1,22/12/2004,Real Madrid,Sevilla,0,1,A,0,1,A,1.4,3.75,7,1.35,4.25,8,1.41,4,8.5,1.45,3.6,5.8,1.4,3.75,7,1.4,4.2,8,1.4,3.6,7.5
SP1,22/12/2004,Valencia,Espanol,3,0,H,1,0,H,1.61,3.5,4.5,1.7,3.3,4.75,1.7,3.4,5,1.7,3.2,4.2,1.73,3.2,4.33,1.67,3.4,4.8,1.7,3.4,4.2
SP1,05/01/2005,Real Madrid,Sociedad,2,1,H,1,0,H,1.36,4,7.5,1.3,4.75,8.2,1.35,4.25,9.5,1.35,4,7,1.36,3.75,8,1.36,4.2,8,1.33,4,8
SP1,08/01/2005,Numancia,Ath Bilbao,1,1,D,0,1,A,2.6,3.2,2.4,2.7,3.2,2.4,2.85,3.2,2.4,2.7,2.9,2.4,2.75,3.2,2.25,2.8,3.25,2.3,2.5,3.1,2.5
SP1,08/01/2005,Sevilla,Getafe,0,0,D,0,0,D,1.44,3.75,6.5,1.4,4,7.25,1.45,3.8,8,1.45,3.8,5.4,1.4,3.75,7,1.44,3.75,7,1.44,3.6,6.5
SP1,08/01/2005,Valencia,Levante,2,1,H,0,0,D,1.4,4,9,1.4,4,7.25,1.4,4,9,1.35,4,7,1.36,3.75,8,1.4,4.2,8,1.4,3.6,7.5
SP1,09/01/2005,Ath Madrid,Real Madrid,0,3,A,0,1,A,3.1,3.25,2.25,3,3.2,2.2,3,3.2,2.3,3.3,3,2,2.75,3,2.38,3.1,3.2,2.25,3,2.87,2.25
SP1,09/01/2005,Espanol,Osasuna,4,1,H,3,1,H,1.9,3.25,3.5,1.85,3.2,4,2,3.2,3.75,2,2.9,3.4,1.83,3.2,3.75,1.91,3.2,3.75,1.83,3.2,3.75
SP1,09/01/2005,Mallorca,La Coruna,2,2,D,0,0,D,2.75,3,2.37,3.35,3.3,2,2.9,3.2,2.38,2.9,3,2.2,2.6,3.2,2.38,3,3,2.3,2.62,3.1,2.37
SP1,09/01/2005,Santander,Malaga,2,1,H,2,0,H,1.83,3.2,3.75,1.95,3.2,3.65,1.85,3.3,4.25,1.85,3.1,3.6,1.8,3.2,4,1.91,3.2,3.75,1.83,3.2,3.75
SP1,09/01/2005,Sociedad,Albacete,0,2,A,0,1,A,1.66,3.4,4.5,1.7,3.3,4.75,1.73,3.35,5,1.7,3.2,4.2,1.67,3.25,4.5,1.67,3.4,4.75,1.66,3.3,4.5
SP1,09/01/2005,Villarreal,Barcelona,3,0,H,1,0,H,4,3.25,1.9,4.1,3.3,1.8,3.75,3.2,2,3.5,3.1,1.9,4.33,3.2,1.73,4.2,3.4,1.83,4,3.1,1.8
SP1,09/01/2005,Zaragoza,Betis,1,0,H,1,0,H,2.2,3.25,2.8,2.3,3.2,2.8,2.25,3.2,3.1,2.2,2.9,3,2.1,3.2,3,2.25,3.2,2.9,2.2,3.1,2.87
SP1,15/01/2005,Getafe,Ath Madrid,1,1,D,0,1,A,2.37,3.2,2.62,2.7,3.2,2.4,2.6,3.2,2.6,2.4,3,2.6,2.25,3.2,2.75,2.5,3.2,2.6,2.37,3.1,2.62
SP1,15/01/2005,Malaga,Sevilla,1,0,H,0,0,D,3,3.1,2.37,2.55,3.15,2.55,2.9,3.15,2.4,2.6,3,2.4,2.75,3.2,2.25,2.9,3.1,2.4,2.7,3,2.37
SP1,16/01/2005,Albacete,Santander,0,0,D,0,0,D,2,3.25,3.25,2.1,3.25,3.15,2.05,3.2,3.55,1.9,3,3.6,1.91,3.2,3.5,2,3.2,3.5,1.9,3.1,3.6
SP1,16/01/2005,Ath Bilbao,Espanol,1,1,D,1,1,D,2,3.25,3.25,1.9,3.3,3.65,2,3.2,3.75,2,3,3.3,1.83,3.2,3.75,1.91,3.25,3.75,1.9,3.1,3.6
SP1,16/01/2005,Barcelona,Sociedad,1,0,H,0,0,D,1.33,4.5,9.5,1.3,4.75,8.2,1.35,4.5,8.5,1.33,4,7.5,1.36,3.75,8,1.33,4.5,9,1.33,4,8
SP1,16/01/2005,Betis,Mallorca,2,0,H,1,0,H,1.57,3.4,5.5,1.6,3.5,5.25,1.66,3.4,5.5,1.6,3.3,4.8,1.53,3.5,5.5,1.62,3.5,5,1.57,3.3,5.5
SP1,16/01/2005,La Coruna,Numancia,1,1,D,0,0,D,1.44,3.75,6.5,1.4,4,7.25,1.44,4,7.5,1.4,3.7,6.5,1.44,3.6,6.5,1.4,4,7.5,1.44,3.6,6.5
SP1,16/01/2005,Levante,Villarreal,2,4,A,0,2,A,2.4,3.2,2.3,2.35,3.2,2.75,2.4,3.2,2.85,2.55,2.9,2.55,2.5,2.88,2.62,2.4,3.1,2.8,2.37,3.1,2.62
SP1,16/01/2005,Osasuna,Valencia,0,0,D,0,0,D,2.7,3.2,2.3,2.8,3.2,2.3,2.95,3.2,2.35,3,2.9,2.2,2.6,3.2,2.38,2.9,3.2,2.25,2.6,3.1,2.4
SP1,16/01/2005,Real Madrid,Zaragoza,3,1,H,1,1,D,1.36,4.5,8,1.3,4.75,8.2,1.35,4.5,8.5,1.3,4.2,8,1.36,3.75,8,1.33,4.5,9,1.3,4.33,8
SP1,22/01/2005,Ath Bilbao,Osasuna,4,3,H,0,1,A,1.83,3.25,3.75,1.85,3.3,3.85,1.87,3.3,4.15,2,3,3.3,1.8,3.2,4,1.85,3.25,4,1.8,3.1,4
SP1,22/01/2005,Barcelona,Santander,3,0,H,1,0,H,1.25,5.5,10,1.25,5.25,9,1.25,5.25,11.5,1.22,4.8,9.5,1.25,4.5,10,1.22,5.5,12,1.2,5,11
SP1,23/01/2005,Albacete,Sevilla,0,2,A,0,2,A,2.4,3.1,2.62,2.5,3.15,2.6,2.6,3.2,2.6,2.5,2.9,2.6,2.6,3.2,2.38,2.6,3,2.6,2.5,2.9,2.62
SP1,23/01/2005,Betis,Numancia,4,0,H,3,0,H,1.44,3.75,6.5,1.5,3.6,6.4,1.5,3.7,7,1.45,3.6,5.8,1.33,4,8,1.44,3.75,7,1.4,3.6,7.5
SP1,23/01/2005,Getafe,Zaragoza,3,0,H,3,0,H,2.25,3.2,2.8,2.3,3.2,2.8,2.35,3.25,2.9,2.2,3,2.9,2.25,3,2.88,2.3,3.2,2.8,2.15,3.2,2.9
SP1,23/01/2005,La Coruna,Espanol,4,1,H,2,1,H,2,3.25,3.25,2.1,3.25,3.15,2.2,3.2,3.2,1.8,3.1,3.8,2.25,3,2.88,2,3.25,3.4,2.2,3,3
SP1,23/01/2005,Levante,Sociedad,2,1,H,1,0,H,2.25,3.2,2.8,2.3,3.2,2.8,2.4,3.2,2.85,2.2,3,2.9,2.38,3.2,2.6,2.3,3.2,2.8,2.3,3.1,2.75
SP1,23/01/2005,Malaga,Ath Madrid,1,0,H,0,0,D,2.37,3.2,2.6,2.4,3.2,2.7,2.45,3.2,2.8,2.3,2.9,2.8,2.38,3.2,2.6,2.38,3.2,2.75,2.25,3.2,2.75
SP1,23/01/2005,Real Madrid,Mallorca,3,1,H,1,1,D,1.22,6,11,1.2,6,10,1.22,5.75,12,1.22,4.8,9.5,1.2,5,11,1.2,6,12,1.2,5.5,9
SP1,23/01/2005,Villarreal,Valencia,3,1,H,2,0,H,2.4,3.1,2.62,2.5,3.15,2.6,2.6,3.2,2.6,2.5,3,2.5,2.38,3,2.75,2.5,3.2,2.6,2.37,3,2.7
SP1,29/01/2005,Ath Madrid,Albacete,3,1,H,3,1,H,1.61,3.39,5,1.65,3.45,4.85,1.67,3.45,5.25,1.6,3.3,4.8,1.615,3.25,5,1.533,3.6,6,1.67,3.45,5.25
SP1,29/01/2005,Sevilla,Barcelona,0,4,A,0,0,D,3,3.25,2.29,2.85,3.25,2.25,3,3.25,2.3,2.7,3,2.3,2.8,3.2,2.2,3,3.2,2.3,3,3.25,2.3
SP1,30/01/2005,Espanol,Betis,2,2,D,1,0,H,2.1,3.2,3.1,2,3.3,3.35,2.1,3.3,3.35,2,3,3.3,1.909,3.2,3.5,2.05,3.25,3.25,2.1,3.3,3.35
SP1,30/01/2005,Mallorca,Getafe,3,1,H,2,1,H,2,3,3.5,2.05,3.25,3.25,2,3.25,3.7,2.1,2.9,3.2,2,3.2,3.2,2,3.2,3.4,2,3.25,3.7
SP1,30/01/2005,Numancia,Real Madrid,1,2,A,0,0,D,6,3.5,1.5,5.75,3.55,1.55,6.2,3.6,1.57,4.8,3.3,1.6,5.5,3.25,1.571,6,3.6,1.533,6.2,3.6,1.57
SP1,30/01/2005,Osasuna,La Coruna,1,1,D,0,0,D,2.37,3.2,2.6,2.3,3.2,2.8,2.4,3.2,2.85,2.4,2.9,2.7,2.2,3.2,2.8,2.3,3.25,2.8,2.4,3.2,2.85
SP1,30/01/2005,Santander,Levante,2,2,D,1,0,H,2.1,3.1,3.2,2,3.3,3.35,2.15,3.25,3.25,2,3,3.3,2.1,3.2,3,2.1,3.2,3.2,2.15,3.25,3.25
SP1,30/01/2005,Sociedad,Villarreal,0,4,A,0,0,D,2.5,3.2,2.5,2.45,3.15,2.65,2.5,3.25,2.7,2.4,2.9,2.7,2.5,3.2,2.5,2.4,3.2,2.7,2.5,3.25,2.7
SP1,30/01/2005,Valencia,Ath Bilbao,2,2,D,0,1,A,1.66,3.2,5,1.6,3.5,5.25,1.67,3.45,5.25,1.5,3.5,5.4,1.615,3.25,5,1.615,3.5,5,1.67,3.45,5.25
SP1,30/01/2005,Zaragoza,Malaga,1,0,H,1,0,H,1.72,3.25,4.33,1.8,3.35,4,1.83,3.35,4.25,1.75,3.1,4.2,1.727,3.2,4.333,1.8,3.25,4.2,1.83,3.35,4.25
SP1,05/02/2005,Real Madrid,Espanol,4,0,H,2,0,H,1.4,4,9,1.4,4,7.25,1.4,4.2,8,1.35,4,7,1.4,3.75,7,1.4,4.2,8,1.36,3.75,8
SP1,05/02/2005,Sociedad,Valencia,3,3,D,1,1,D,2.63,3.2,2.38,2.95,3.25,2.2,2.85,3.2,2.4,2.7,2.9,2.4,2.75,3.2,2.25,2.88,3.2,2.3,2.75,3.2,2.25
SP1,06/02/2005,Albacete,Zaragoza,2,1,H,0,1,A,2.3,3.2,2.7,2.3,3.2,2.8,2.35,3.2,2.95,2.3,2.9,2.8,2.2,3.2,2.8,2.38,3.1,2.8,2.2,3.2,2.8
SP1,06/02/2005,Barcelona,Ath Madrid,0,2,A,0,1,A,1.4,4.2,8,1.35,4.25,8,1.4,4.2,8,1.4,3.7,6.5,1.36,3.75,8,1.4,4.2,8,1.33,4,8
SP1,06/02/2005,Betis,Osasuna,3,1,H,2,1,H,1.72,3.25,4.33,1.8,3.35,4,1.8,3.4,4.33,1.7,3.1,4.4,1.67,3.25,4.5,1.75,3.4,4.33,1.72,3.2,4.33
SP1,06/02/2005,Getafe,Numancia,1,0,H,1,0,H,1.66,3.4,4.5,1.8,3.35,4,1.8,3.4,4.33,1.65,3.2,4.6,1.73,3.2,4.33,1.75,3.4,4.33,1.66,3.3,4.5
SP1,06/02/2005,La Coruna,Ath Bilbao,1,1,D,0,0,D,1.9,3.25,3.5,2,3.3,3.35,2.05,3.2,3.6,1.75,3.2,4,1.91,3.2,3.5,1.95,3.25,3.6,2.05,3.2,3.1
SP1,06/02/2005,Levante,Sevilla,0,3,A,0,1,A,2.38,3.2,2.63,2.5,3.15,2.6,2.6,3.2,2.6,2.3,3,2.7,2.38,3.2,2.6,2.5,3.2,2.6,2.5,2.9,2.62
SP1,06/02/2005,Malaga,Mallorca,0,0,D,0,0,D,2.1,3.25,3,2,3.3,3.35,2.1,3.25,3.4,1.9,3.1,3.5,1.91,3.2,3.5,2.05,3.2,3.3,1.9,3.2,3.5
SP1,06/02/2005,Villarreal,Santander,2,1,H,0,1,A,1.5,3.5,6,1.5,3.6,6.4,1.5,3.75,6.75,1.5,3.5,5.4,1.4,3.75,7,1.5,3.6,6.5,1.44,3.6,6.5
SP1,12/02/2005,Valencia,La Coruna,1,2,A,0,1,A,1.8,3.4,4.5,1.7,3.4,4.55,1.8,3.3,4.5,1.65,3.2,4.6,1.67,3.25,4.5,1.73,3.4,4.75,1.7,3.2,4.5
SP1,12/02/2005,Zaragoza,Barcelona,1,4,A,0,3,A,5,3.4,1.72,4.85,3.45,1.65,4.5,3.3,1.8,4,3,1.8,4.33,3.2,1.73,4.75,3.4,1.73,3.8,3.25,1.8
SP1,13/02/2005,Ath Bilbao,Betis,4,4,D,2,3,A,2,3.25,3.25,2,3.3,3.35,2,3.3,3.65,1.9,3,3.6,1.91,3.2,3.5,2,3.25,3.4,1.83,3.2,3.75
SP1,13/02/2005,Ath Madrid,Levante,0,0,D,0,0,D,1.57,3.4,5.5,1.55,3.5,6,1.57,3.5,6.33,1.55,3.4,5,1.5,3.4,6,1.57,3.4,6,1.5,3.4,6
SP1,13/02/2005,Espanol,Getafe,2,0,H,0,0,D,1.61,3.4,5,1.5,3.6,6.4,1.7,3.4,5.1,1.55,3.4,5,1.62,3.25,5,1.62,3.5,5,1.61,3.3,5
SP1,13/02/2005,Mallorca,Albacete,2,1,H,0,1,A,1.9,3.1,3.75,1.9,3.3,3.65,1.9,3.1,4.33,1.9,3,3.6,1.91,3.2,3.5,1.85,3.25,4,1.9,3.1,3.6
SP1,13/02/2005,Numancia,Malaga,0,1,A,0,1,A,2.25,3.2,2.8,2.2,3.25,2.95,2.38,3.2,2.9,2.3,2.9,2.8,2.2,3.2,2.8,2.38,3.1,2.8,2.25,3.2,2.75
SP1,13/02/2005,Osasuna,Real Madrid,1,2,A,1,0,H,5,3.4,1.72,4.5,3.3,1.75,4.5,3.25,1.83,4,3,1.8,4,3.2,1.8,4.33,3.4,1.8,4.33,3.2,1.72
SP1,13/02/2005,Santander,Sociedad,1,3,A,0,3,A,2.3,3.2,2.7,2.2,3.25,2.95,2.3,3.25,3,2.2,2.9,3,2.1,3.2,3,2.25,3.1,3,2.15,3.1,3
SP1,13/02/2005,Sevilla,Villarreal,2,1,H,1,0,H,2.2,3.2,2.87,2.2,3.25,2.95,2.25,3.2,3.1,2.2,2.9,3,2.2,3.2,2.8,2.2,3.1,3.1,2.1,3.1,3.1
SP1,19/02/2005,Barcelona,Mallorca,2,0,H,1,0,H,1.22,5,10,1.2,5.5,12,1.25,5.35,11,1.3,4.2,8,1.2,5,11,1.22,5.5,10,1.22,5,9.5
SP1,19/02/2005,Real Madrid,Ath Bilbao,0,2,A,0,0,D,1.44,4,7.5,1.35,4.25,8,1.41,4.25,7.5,1.35,4,7,1.4,3.75,7,1.4,4,7.5,1.36,3.75,8
SP1,19/02/2005,Sociedad,Sevilla,1,0,H,0,0,D,2.3,3.2,2.7,2.5,3.25,2.55,2.5,3.25,2.7,2.3,3,2.7,2.38,3.2,2.6,2.5,3.1,2.62,2.4,3.1,2.6
SP1,20/02/2005,Albacete,Numancia,1,2,A,1,0,H,1.72,3.25,4.33,1.7,3.4,4.55,1.7,3.45,5,1.65,3.2,4.6,1.67,3.25,4.5,1.73,3.3,4.5,1.61,3.3,5
SP1,20/02/2005,Betis,La Coruna,2,0,H,1,0,H,2.1,3.25,3,1.95,3.3,3.5,2.1,3.2,3.45,2.3,2.9,2.8,1.83,3.2,3.75,2.1,3.1,3.3,2,3.2,3.2
SP1,20/02/2005,Getafe,Osasuna,0,0,D,0,0,D,2.1,3.2,3,2.1,3.25,3.15,2.2,3.2,3.2,2,3,3.3,2,3.2,3.2,2.1,3.2,3.2,2,3.2,3.2
SP1,20/02/2005,Levante,Zaragoza,0,0,D,0,0,D,2.1,3.2,3,2.1,3.25,3.15,2.15,3.25,3.25,1.9,3,3.6,2,3.2,3.2,2.1,3.2,3.2,2.1,3.2,3
SP1,20/02/2005,Malaga,Espanol,3,2,H,2,0,H,2.3,3.2,2.7,2.35,3.2,2.75,2.45,3.25,2.75,2.3,3,2.7,2.38,3,2.75,2.4,3.1,2.75,2.3,3.1,2.75
SP1,20/02/2005,Santander,Valencia,1,0,H,0,0,D,2.8,3.2,2.25,3.35,3.3,2,3.25,3.25,2.15,3,2.9,2.2,3.2,3,2.1,3.1,3.1,2.2,3,3.1,2.15
SP1,20/02/2005,Villarreal,Ath Madrid,3,2,H,0,2,A,1.9,3.3,4,1.95,3.3,3.5,1.91,3.3,3.95,1.9,3,3.6,1.73,3.2,4.33,1.91,3.2,3.75,1.8,3.1,4
SP1,26/02/2005,Espanol,Albacete,2,1,H,2,0,H,1.57,3.4,5.5,1.55,3.55,5.75,1.6,3.5,5.8,1.6,3.3,4.8,1.62,3.25,5,1.57,3.5,5.5,1.53,3.5,5.5
SP1,26/02/2005,La Coruna,Real Madrid,2,0,H,2,0,H,3,3.25,2.3,3.05,3.25,2.15,2.75,3.25,2.45,2.5,3,2.5,2.75,3.25,2.2,3,3.2,2.3,2.9,3.2,2.15
SP1,26/02/2005,Mallorca,Levante,1,2,A,0,0,D,1.83,3.25,3.75,1.95,3.3,3.5,1.95,3.25,3.85,2,3,3.3,1.91,3.2,3.5,1.91,3.25,3.75,1.83,3.2,3.75
SP1,26/02/2005,Numancia,Barcelona,1,1,D,1,0,H,7,3.75,1.5,7.25,4,1.4,7,3.75,1.5,5.6,3.4,1.5,6,3.4,1.5,6.5,3.8,1.5,6,3.4,1.5
SP1,27/02/2005,Ath Madrid,Sociedad,1,0,H,1,0,H,1.72,3.25,4.33,1.8,3.35,4,1.73,3.3,5,1.8,3.1,3.8,1.73,3.2,4.33,1.75,3.4,4.33,1.7,3.3,4.33
SP1,27/02/2005,Osasuna,Malaga,1,6,A,0,3,A,1.83,3.25,3.75,1.8,3.35,4,1.85,3.25,4.3,1.9,3,3.6,1.91,3.2,3.5,1.83,3.25,4,1.72,3.25,4.2
SP1,27/02/2005,Sevilla,Santander,2,2,D,1,1,D,1.5,3.5,6,1.45,3.7,7,1.5,3.75,7,1.45,3.6,5.8,1.5,3.4,6,1.44,3.75,7,1.44,3.6,6.5
SP1,27/02/2005,Valencia,Betis,2,1,H,1,1,D,2,3.3,3.6,1.9,3.3,3.65,2,3.25,3.75,1.9,3,3.6,2,3,3.4,2,3.3,3.6,1.95,3.1,3.5
SP1,27/02/2005,Zaragoza,Villarreal,1,0,H,1,0,H,2.37,3.2,2.62,2.7,3.2,2.4,2.5,3.15,2.75,2.4,3,2.6,2.25,3.2,2.75,2.4,3.2,2.7,2.37,3.1,2.62
SP1,01/03/2005,Barcelona,Espanol,0,0,D,0,0,D,1.4,4.33,7.5,1.4,4,7.25,1.4,4,8.5,1.4,3.7,6.5,1.36,3.75,8,1.33,4.5,9,1.36,3.75,8
SP1,02/03/2005,Albacete,Osasuna,1,1,D,0,0,D,2.2,3.25,2.8,2.15,3.25,3.05,2.2,3.2,3.2,2.1,2.9,3.2,2.1,3.2,3,2.1,3.2,3.2,2.25,3.1,2.8
SP1,02/03/2005,Getafe,La Coruna,1,1,D,0,1,A,2.62,3.2,2.37,2.7,3.15,2.4,2.65,3.25,2.55,2.6,2.9,2.5,2.38,3.2,2.6,2.7,3.2,2.4,2.5,3.1,2.5
SP1,02/03/2005,Levante,Numancia,1,1,D,1,1,D,1.66,3.4,4.5,1.7,3.35,4.75,1.7,3.45,5,1.55,3.4,5,1.73,3.2,4.33,1.67,3.4,4.8,1.7,3.2,4.5
SP1,02/03/2005,Malaga,Ath Bilbao,1,0,H,1,0,H,2.2,3.25,2.8,2.3,3.2,2.8,2.35,3.3,2.85,2.2,2.9,3,2.25,3.2,2.75,2.3,3.25,2.8,2.25,3.2,2.75
SP1,02/03/2005,Real Madrid,Betis,3,1,H,2,0,H,1.5,3.5,6,1.47,4,5.8,1.52,3.75,6.5,1.55,3.4,5,1.57,3.5,5,1.5,3.75,6,1.44,3.6,6.5
SP1,02/03/2005,Santander,Ath Madrid,2,1,H,1,1,D,2.37,3.2,2.62,2.35,3.2,2.75,2.5,3.2,2.75,2.3,2.9,2.8,2.5,3.2,2.5,2.4,3.2,2.7,2.37,3.1,2.62
SP1,02/03/2005,Sevilla,Valencia,2,2,D,1,1,D,2.25,3.25,2.75,2.2,3.25,2.95,2.25,3.2,3.1,2.3,3,2.7,2.2,3.2,2.8,2.2,3.2,3,2.1,3.1,3.1
SP1,02/03/2005,Sociedad,Zaragoza,2,1,H,1,1,D,2,3.25,3.25,2,3.25,3.4,2.05,3.3,3.5,1.9,3,3.6,1.91,3.2,3,2,3.25,3.4,1.95,3.2,3.3
SP1,02/03/2005,Villarreal,Mallorca,2,1,H,0,1,A,1.5,3.5,6,1.45,3.75,6.75,1.5,3.75,6.75,1.5,3.5,5.4,1.44,3.6,6.5,1.5,3.6,6.5,1.44,3.6,6.5
SP1,05/03/2005,Ath Madrid,Sevilla,3,0,H,3,0,H,2.1,3.25,3,2.05,3.25,3.25,2.1,3.3,3.3,2,3,3.3,1.83,3.2,3.75,2.1,3.2,3.2,2,3.3,3.1
SP1,05/03/2005,Osasuna,Barcelona,0,1,A,0,1,A,4.33,3.3,1.72,4.55,3.4,1.7,4.65,3.4,1.75,4.2,3.1,1.75,4.5,3.25,1.67,4.5,3.4,1.73,4.2,3.25,1.72
SP1,05/03/2005,Valencia,Real Madrid,1,1,D,1,1,D,2.4,3.2,2.87,2.5,3.15,2.6,2.5,3.2,2.7,2.3,3,2.7,2.5,3.2,2.5,2.5,3.2,2.7,2.37,3.1,2.62
SP1,06/03/2005,Ath Bilbao,Albacete,3,1,H,1,1,D,1.5,3.5,6,1.55,3.55,5.75,1.55,3.55,6.4,1.55,3.4,5,1.5,3.4,6,1.53,3.6,6,1.53,3.5,5.5
SP1,06/03/2005,Betis,Getafe,2,2,D,1,1,D,1.5,3.5,6,1.4,4,7.25,1.45,3.95,7.25,1.45,3.6,5.8,1.4,3.75,7,1.44,3.75,7,1.4,3.75,7
SP1,06/03/2005,Espanol,Levante,2,1,H,1,1,D,1.61,3.4,5,1.7,3.4,4.55,1.67,3.4,5.25,1.7,3.1,4.4,1.67,3.25,4.5,1.67,3.4,4.8,1.61,3.3,5
SP1,06/03/2005,La Coruna,Malaga,1,0,H,1,0,H,1.61,3.4,5,1.6,3.5,5.25,1.67,3.4,5.25,1.55,3.4,5,1.73,3.2,4.33,1.67,3.4,5.5,1.66,3.3,4.5
SP1,06/03/2005,Mallorca,Sociedad,3,2,H,2,2,D,2.1,3.25,3,2.2,3.25,2.95,2.25,3.25,3,2.2,3,2.9,2.2,3.2,2.8,2.25,3.25,2.88,2.2,3.25,2.75
SP1,06/03/2005,Numancia,Villarreal,1,1,D,0,1,A,2.75,3.25,2.25,3.15,3.25,2.1,3.05,3.2,2.25,2.8,2.9,2.3,2.8,3.2,2.2,3,3.2,2.2,2.75,3.2,2.25
SP1,06/03/2005,Zaragoza,Santander,1,0,H,0,0,D,1.72,3.3,4.33,1.75,3.35,4.3,1.76,3.3,4.75,1.8,3,4,1.73,3.2,4.33,1.75,3.25,4.5,1.66,3.3,4.5
SP1,12/03/2005,Barcelona,Ath Bilbao,2,0,H,2,0,H,1.4,3.75,7.5,1.4,4,7.25,1.45,4,7.25,1.45,3.6,5.8,1.44,3.6,6.5,1.4,4,7.5,1.4,3.75,7
SP1,12/03/2005,Malaga,Betis,1,2,A,1,2,A,2.2,3.2,2.87,2.1,3.25,3.15,2.25,3.2,3.1,2.1,2.9,3.2,2.2,3.2,2.8,2.2,3.2,3,2.15,3.1,3
SP1,13/03/2005,Albacete,La Coruna,0,1,A,0,1,A,2.87,3.2,2.2,2.95,3.25,2.2,3,3.2,2.3,2.8,2.9,2.3,2.75,3,2.38,2.9,3.2,2.25,2.75,3.1,2.3
SP1,13/03/2005,Ath Madrid,Valencia,1,0,H,1,0,H,2.37,3.2,2.62,2.35,3.2,2.75,2.45,3.25,2.75,2.5,3,2.5,2.25,3.2,2.75,2.38,3.2,2.75,2.25,3.2,2.75
SP1,13/03/2005,Getafe,Real Madrid,2,1,H,1,0,H,4.33,3.25,1.72,4.85,3.45,1.65,5,3.35,1.73,4.4,3.1,1.7,4.5,3.25,1.67,4.6,3.4,1.7,4.5,3.2,1.7
SP1,13/03/2005,Levante,Osasuna,4,0,H,3,0,H,1.9,3.25,3.5,2.05,3.25,3.25,2.05,3.2,3.6,1.9,3,3.6,1.91,3.2,3.5,2,3.25,3.4,1.95,3.2,3.3
SP1,13/03/2005,Santander,Mallorca,3,0,H,2,0,H,1.9,3.25,3.5,1.75,3.35,4.3,1.95,3.3,3.8,1.9,3,3.6,1.91,3.2,3.5,1.95,3.25,3.6,1.9,3.2,3.5
SP1,13/03/2005,Sevilla,Zaragoza,0,1,A,0,1,A,1.72,3.25,4.33,1.6,3.5,5.25,1.73,3.35,5,1.7,3.1,4.4,1.73,3.2,4.33,1.7,3.4,4.6,1.7,3.2,4.5
SP1,13/03/2005,Sociedad,Numancia,2,1,H,1,0,H,1.61,3.4,5,1.55,3.5,5.4,1.65,3.45,5.5,1.6,3.3,4.8,1.67,3.25,4.5,1.62,3.5,5,1.57,3.3,5.5
SP1,13/03/2005,Villarreal,Espanol,4,1,H,1,1,D,1.83,3.25,3.75,1.75,3.35,4.3,1.85,3.25,4.35,1.85,3,3.8,1.73,3.2,4.33,1.85,3.25,4,1.8,3.3,3.75
SP1,16/03/2005,Ath Bilbao,Getafe,1,2,A,1,0,H,1.57,3.4,5.5,1.45,3.75,7,1.5,3.6,6.5,1.5,3.5,5.4,1.44,3.6,6.5,1.53,3.5,6,1.53,3.5,5.5
SP1,19/03/2005,Betis,Albacete,2,1,H,1,0,H,1.5,3.5,6,1.5,3.5,6.75,1.5,3.75,6.75,1.4,3.7,6.5,1.44,3.6,6.5,1.44,3.75,7,1.44,3.6,6.5
SP1,19/03/2005,Espanol,Sociedad,2,2,D,1,1,D,1.72,3.25,4.33,1.8,3.35,4,1.77,3.4,4.5,1.8,3,4,1.62,3.25,5,1.73,3.3,4.5,1.7,3.3,4.33
SP1,19/03/2005,La Coruna,Barcelona,0,1,A,0,1,A,2.87,3.2,2.4,2.85,3.25,2.25,2.9,3.2,2.38,2.5,3,2.5,2.8,3.2,2.2,2.88,3.2,2.38,2.75,3.1,2.3
SP1,20/03/2005,Ath Bilbao,Levante,3,1,H,1,0,H,1.66,3.4,4.5,1.6,3.5,5.25,1.67,3.4,5.35,1.6,3.3,4.8,1.67,3.25,4.5,1.67,3.4,4.8,1.66,3.4,4.33
SP1,20/03/2005,Mallorca,Sevilla,0,1,A,0,1,A,2.3,3.2,2.7,2.4,3.2,2.7,2.45,3.2,2.8,2.4,3,2.6,2.38,3.2,2.6,2.38,3.2,2.7,2.37,3.1,2.62
SP1,20/03/2005,Numancia,Santander,2,3,A,2,2,D,2.25,3.25,2.75,2.3,3.2,2.8,2.35,3.2,2.95,2.3,3,2.7,2.25,3.2,2.75,2.3,3.25,2.8,2.3,3.1,2.75
SP1,20/03/2005,Real Madrid,Malaga,1,0,H,0,0,D,1.33,4.33,7.5,1.35,4.25,8,1.4,4.25,7.75,1.3,4.2,8,1.4,3.75,7,1.36,4.5,7,1.3,4.33,8
SP1,20/03/2005,Valencia,Getafe,3,1,H,2,0,H,1.44,3.75,6.5,1.35,4.25,8,1.5,3.75,7,1.45,3.6,5.8,1.44,3.6,6.5,1.44,4,6.5,1.44,3.6,6.5
SP1,20/03/2005,Zaragoza,Ath Madrid,0,0,D,0,0,D,2.1,3.25,3,2.15,3.25,3.05,2.15,3.2,3.33,2.1,2.9,3.2,2.1,3.2,3,2.1,3.2,3.2,1.95,3.25,3.3
SP1,02/04/2005,Sociedad,Osasuna,2,0,H,2,0,H,1.72,3.25,4.33,1.8,3.35,4,1.85,3.2,4.25,1.8,3.2,3.7,1.73,3.2,4.33,1.8,3.25,4.2,1.7,3.3,4.33
SP1,02/04/2005,Villarreal,Ath Bilbao,3,1,H,2,1,H,1.72,3.5,4,1.7,3.4,4.55,1.8,3.4,4.33,1.75,3.1,4.2,1.73,3.2,4.33,1.8,3.4,4,1.7,3.3,4.33
SP1,02/04/2005,Zaragoza,Valencia,2,2,D,1,0,H,2.62,3.2,2.37,2.45,3.25,2.6,2.45,3.25,2.75,2.3,3,2.7,2.5,2.88,2.62,2.5,3.2,2.6,2.3,3.2,2.62
SP1,03/04/2005,Albacete,Real Madrid,1,2,A,1,2,A,5,3.6,1.66,4.5,3.4,1.7,5,3.4,1.67,4.4,3.3,1.65,4.5,3.25,1.67,4.75,3.5,1.7,4.8,3.4,1.6
SP1,03/04/2005,Ath Madrid,Mallorca,4,0,H,1,0,H,1.5,3.75,5.5,1.45,3.7,7,1.5,3.75,6.5,1.45,3.8,5.4,1.4,3.75,7,1.5,3.75,6,1.4,3.6,7.5
SP1,03/04/2005,Barcelona,Betis,3,3,D,1,2,A,1.44,4,5.5,1.4,4,7.25,1.45,4,7,1.45,3.8,5.4,1.44,3.6,6.5,1.44,3.75,7,1.44,3.6,6.5
SP1,03/04/2005,Levante,La Coruna,0,1,A,0,1,A,2.62,3.2,2.37,2.85,3.25,2.25,2.65,3.15,2.55,2.7,2.9,2.4,2.6,3.2,2.38,2.7,3.2,2.4,2.62,3.1,2.37
SP1,03/04/2005,Malaga,Getafe,1,1,D,1,1,D,1.83,3.3,3.75,1.75,3.35,4.3,1.83,3.3,4.3,1.8,2.9,4.2,1.73,3.2,4.33,1.85,3.25,4,1.8,3.25,3.8
SP1,03/04/2005,Santander,Espanol,1,3,A,1,2,A,2.25,3.25,2.75,2,3.3,3.35,2.2,3.25,3.15,2.2,3,2.9,2.2,3.2,2.8,2.25,3.1,3,2.15,3.1,3
SP1,03/04/2005,Sevilla,Numancia,1,0,H,0,0,D,1.44,4,5.5,1.45,3.7,7,1.45,4,7,1.4,3.9,6,1.44,3.6,6.5,1.44,4,6.5,1.4,3.75,7
SP1,09/04/2005,Ath Bilbao,Sociedad,3,0,H,1,0,H,1.83,3.3,4.33,1.8,3.35,4,1.83,3.3,4.2,1.9,3.1,3.5,1.8,3.2,4,1.8,3.25,4.33,1.8,3.1,4
SP1,09/04/2005,Numancia,Ath Madrid,1,0,H,0,0,D,2.8,3.25,2.2,3,3.3,2.15,3,3.2,2.25,2.9,3,2.2,2.8,3.2,2.2,3,3.2,2.2,2.87,3.1,2.2
SP1,10/04/2005,Betis,Levante,2,2,D,2,1,H,1.5,3.5,6,1.5,3.6,6.3,1.5,3.75,6.5,1.55,3.4,5,1.44,3.6,6.5,1.53,3.75,5.5,1.44,3.6,6.5
SP1,10/04/2005,Espanol,Sevilla,1,3,A,0,2,A,2.1,3.25,3,2,3.3,3.35,2.1,3.3,3.25,2,3.1,3.2,2,3.2,3.2,2.05,3.2,3.3,1.95,3.1,3.5
SP1,10/04/2005,Getafe,Albacete,1,0,H,0,0,D,1.72,3.25,4.33,1.8,3.35,4,1.75,3.3,4.7,1.7,3.1,4.4,1.62,3.25,5,1.8,3.25,4.2,1.66,3.3,4.5
SP1,10/04/2005,La Coruna,Villarreal,1,1,D,0,0,D,2,3.25,3.25,1.95,3.3,3.5,2,3.25,3.55,2,3.1,3.2,1.91,3.2,3.5,2.05,3.2,3.3,1.95,3.25,3.3
SP1,10/04/2005,Mallorca,Zaragoza,0,2,A,0,0,D,2.37,3.2,2.62,2.35,3.2,2.75,2.4,3.25,2.75,2.3,3.1,2.6,2.38,3.2,2.6,2.3,3.2,2.8,2.4,3.25,2.5
SP1,10/04/2005,Osasuna,Santander,1,0,H,0,0,D,2.1,3.25,3,2.1,3.2,3.2,2,3.25,3.5,1.8,3.2,3.7,2.1,3.2,3,2.05,3.2,3.3,2.1,3,3.2
SP1,10/04/2005,Real Madrid,Barcelona,4,2,H,3,1,H,2.3,3.25,3,2.3,3.2,2.85,2.35,3.3,2.85,2.3,3,2.7,2.2,3.2,2.8,2.38,3.3,2.8,2.25,3,2.9
SP1,10/04/2005,Valencia,Malaga,2,2,D,2,1,H,1.44,3.75,6.5,1.45,3.75,7,1.45,3.85,7.25,1.4,3.7,6.5,1.5,3.4,6,1.44,4,6.5,1.4,3.75,7
SP1,16/04/2005,Ath Madrid,Espanol,0,0,D,0,0,D,1.83,3.3,4.33,1.95,3.3,3.5,1.85,3.3,4,1.85,3,3.8,1.73,3.2,4.33,1.85,3.4,4,1.8,3.1,4
SP1,16/04/2005,Sevilla,Osasuna,0,1,A,0,1,A,1.44,3.75,6.5,1.5,3.6,6.4,1.45,3.75,7.3,1.4,3.7,6.5,1.44,3.6,6.5,1.44,3.75,7,1.44,3.6,6.5
SP1,16/04/2005,Sociedad,La Coruna,1,0,H,1,0,H,2.37,3.2,2.62,2.3,3.2,2.8,2.4,3.2,2.75,2.4,3,2.6,2.4,3.1,2.6,2.4,3.2,2.7,2.3,3.2,2.62
SP1,17/04/2005,Albacete,Malaga,1,2,A,0,0,D,2.37,3.2,2.62,2.3,3.2,2.8,2.3,3.2,2.9,2.3,3,2.7,2.4,3.25,2.5,2.38,3.2,2.75,2.25,3.2,2.75
SP1,17/04/2005,Barcelona,Getafe,2,0,H,1,0,H,1.28,5,10,1.2,6,10,1.25,5,11,1.25,4.5,9,1.25,4.5,10,1.25,5.25,11,1.25,5,8
SP1,17/04/2005,Levante,Real Madrid,0,2,A,0,1,A,6,3.4,1.61,5.25,3.5,1.6,5.4,3.5,1.6,4.4,3.1,1.7,5,3.25,1.62,5.25,3.75,1.62,4.8,3.4,1.6
SP1,17/04/2005,Mallorca,Valencia,0,0,D,0,0,D,3.5,3.25,1.9,3.35,3.3,2,3.5,3.3,2,3.3,3,2,3.4,3.25,1.91,3.4,3.25,2,3.2,3.2,2
SP1,17/04/2005,Santander,Ath Bilbao,0,2,A,0,0,D,2.37,3.2,2.62,2.3,3.2,2.8,2.3,3.25,2.85,2.3,3,2.7,2.38,3.2,2.6,2.3,3.2,2.88,2.2,3.1,2.87
SP1,17/04/2005,Villarreal,Betis,0,0,D,0,0,D,1.9,3.25,3.5,1.95,3.3,3.5,1.91,3.3,3.8,1.9,3.1,3.5,1.91,3.2,3.5,1.91,3.25,3.75,1.83,3.2,3.75
SP1,17/04/2005,Zaragoza,Numancia,4,1,H,0,0,D,1.5,3.5,6,1.45,3.7,7,1.51,3.6,6.5,1.5,3.5,5.4,1.53,3.5,5.5,1.5,3.6,6.5,1.44,3.75,6
SP1,23/04/2005,Osasuna,Ath Madrid,1,0,H,1,0,H,2.4,3.2,2.6,2.65,3.25,2.4,2.4,3.2,2.8,2.2,3,2.9,2.25,3.2,2.75,2.4,3.2,2.7,2.25,3.25,2.7
SP1,23/04/2005,Real Madrid,Villarreal,2,1,H,0,1,A,1.53,3.6,6.5,1.45,3.75,7,1.55,3.7,6,1.5,3.5,5.4,1.5,3.4,6,1.5,4,6,1.44,3.75,6
SP1,24/04/2005,Ath Bilbao,Sevilla,1,3,A,0,2,A,2.2,3.25,2.8,2.3,3.2,2.8,2.2,3.2,3.1,2,3.1,3.2,1.91,3.2,3.5,2.25,3.2,2.9,2.05,3.2,3.1
SP1,24/04/2005,Betis,Sociedad,2,3,A,0,1,A,1.57,3.6,5,1.65,3.45,4.85,1.65,3.5,5.25,1.55,3.4,5,1.67,3.25,4.5,1.67,3.4,4.8,1.6,3.4,4.8
SP1,24/04/2005,Espanol,Zaragoza,3,1,H,2,0,H,1.9,3.25,3.5,1.8,3.35,4,1.9,3.25,4,1.9,3,3.6,1.83,3.2,3.75,1.85,3.25,4,1.8,3.3,3.75
SP1,24/04/2005,Getafe,Levante,1,0,H,1,0,H,1.9,3.25,3.5,1.85,3.3,3.85,2,3.2,3.7,2,2.8,3.6,1.8,3.25,3.75,1.91,3.25,3.75,1.8,3.1,4
SP1,24/04/2005,La Coruna,Santander,1,4,A,1,0,H,1.53,3.4,6,1.5,3.7,6,1.6,3.5,5.85,1.5,3.5,5.4,1.57,3.5,5,1.53,3.6,6,1.5,3.6,5.5
SP1,24/04/2005,Malaga,Barcelona,0,4,A,0,2,A,5.5,3.6,1.61,5.25,3.5,1.6,5.25,3.5,1.65,4.6,3.2,1.65,5,3.25,1.62,4.75,3.5,1.67,4.8,3.4,1.6
SP1,24/04/2005,Numancia,Mallorca,1,2,A,0,0,D,2.2,3.25,2.8,2.2,3.25,2.95,2.25,3.2,3.05,2.1,3.1,3,2,3.2,3.2,2.25,3.25,2.88,2,3.4,3
SP1,24/04/2005,Valencia,Albacete,2,0,H,0,0,D,1.33,4.33,7.5,1.3,4.75,8.2,1.35,4.3,8.5,1.3,4.2,8,1.33,4,8,1.33,4.33,8.5,1.3,4.33,8
SP1,28/04/2005,Osasuna,Villarreal,3,2,H,1,1,D,2.6,3.2,2.4,2.6,3.15,2.5,2.65,3.2,2.4,2.5,3,2.5,2.6,3.2,2.38,2.7,3.2,2.4,2.62,3.1,2.37
SP1,30/04/2005,Ath Madrid,Ath Bilbao,1,1,D,0,0,D,1.9,3.2,3.5,1.9,3.3,3.65,1.9,3.25,3.75,1.85,3.1,3.6,1.8,3.25,3.75,1.91,3.25,3.75,1.8,3.3,3.75
SP1,30/04/2005,Numancia,Valencia,1,1,D,0,0,D,4,3.4,1.72,4.5,3.45,1.7,4.5,3.35,1.72,4.4,3.3,1.65,4.33,3.4,1.67,4.75,3.4,1.67,5,3.3,1.61
SP1,30/04/2005,Sociedad,Real Madrid,0,2,A,0,0,D,4.33,3.3,1.83,4,3.4,1.8,3.9,3.3,1.83,3.8,3.1,1.8,3.75,3.25,1.8,4.33,3.6,1.75,4.2,3.25,1.72
SP1,01/05/2005,Barcelona,Albacete,2,0,H,0,0,D,1.16,6.5,15,1.15,6.5,13,1.15,6,15,1.15,6,12,1.11,6.5,15,1.18,6.5,13,1.12,6.5,12
SP1,01/05/2005,Levante,Malaga,0,1,A,0,1,A,1.83,3.2,3.75,2,3.3,3.35,1.87,3.3,3.75,1.75,3.2,4,2,3.2,3.2,1.95,3.25,3.6,1.9,3.1,3.6
SP1,01/05/2005,Mallorca,Espanol,3,2,H,0,1,A,2.37,3.1,2.62,2.45,3.15,2.65,2.5,3.25,2.5,2.5,3,2.5,2.5,3.25,2.4,2.5,3.2,2.6,2.62,3.2,2.3
SP1,01/05/2005,Santander,Betis,1,1,D,0,0,D,2.5,3.1,2.5,2.7,3.2,2.4,2.65,3.15,2.45,2.6,3,2.4,2.5,3.2,2.5,2.62,3.1,2.5,2.5,3.25,2.4
SP1,01/05/2005,Sevilla,La Coruna,2,0,H,2,0,H,1.9,3.2,3.5,1.95,3.35,3.45,1.87,3.3,3.75,1.9,3.1,3.5,1.73,3.2,4.33,1.91,3.25,3.75,1.8,3.3,3.75
SP1,01/05/2005,Villarreal,Getafe,4,0,H,2,0,H,1.4,3.75,7,1.4,4,7.25,1.42,3.9,7,1.45,3.6,5.8,1.44,3.6,6.5,1.44,3.75,7,1.4,3.75,7
SP1,01/05/2005,Zaragoza,Osasuna,5,1,H,2,0,H,1.72,3.2,4.33,1.7,3.4,4.55,1.75,3.3,4.4,1.7,3.2,4.2,1.73,3.2,4.33,1.8,3.4,4,1.72,3.25,4.2
SP1,07/05/2005,Ath Bilbao,Zaragoza,2,0,H,0,0,D,1.83,3.25,3.75,1.9,3.25,3.75,1.95,3.25,3.5,2,3.2,3.1,1.83,3.2,3.75,1.95,3.25,3.6,2,3.2,3.2
SP1,07/05/2005,Betis,Sevilla,1,0,H,1,0,H,2.4,3.1,3,2.2,3.2,3,2.35,3.1,2.8,2.4,2.8,2.8,2.25,3.2,2.75,2.4,3.1,2.9,2.3,2.9,2.9
SP1,07/05/2005,Osasuna,Mallorca,1,1,D,0,1,A,2.2,3.25,2.87,2.15,3.45,2.9,2.2,3.35,2.75,2.3,3.2,2.5,2.1,3.4,2.8,2.2,3.4,2.88,2.4,3.25,2.5
SP1,07/05/2005,Real Madrid,Santander,5,0,H,2,0,H,1.25,5.5,11,1.15,6.5,13,1.22,5.5,10,1.22,4.8,9.5,1.22,5,10,1.22,6,10.5,1.16,5.5,12
SP1,08/05/2005,Albacete,Levante,3,1,H,1,0,H,2.37,3.2,2.62,2.35,3.3,2.7,2.5,3.25,2.5,2.4,3.2,2.4,2.5,3.25,2.4,2.5,3.3,2.5,2.7,3.3,2.2
SP1,08/05/2005,Espanol,Numancia,3,0,H,0,0,D,1.4,3.75,7.5,1.4,4,7.25,1.36,4.25,7.5,1.3,4.2,8,1.29,4.5,8,1.36,4.33,7.5,1.28,4.5,8
SP1,08/05/2005,Getafe,Sociedad,2,0,H,2,0,H,2.1,3.25,3,2.05,3.25,3.25,2.1,3.25,3.1,2.1,2.9,3.2,2.1,3.2,3,2.1,3.25,3.2,2.05,3.3,3
SP1,08/05/2005,La Coruna,Ath Madrid,2,0,H,0,0,D,1.9,3.25,3.5,2.05,3.2,3.3,2.05,3.2,3.25,1.9,3.2,3.4,1.83,3.2,3.75,2.05,3.2,3.3,2.05,3.4,2.9
SP1,08/05/2005,Malaga,Villarreal,0,2,A,0,0,D,2.7,3.2,2.3,2.9,3.2,2.25,2.85,3.25,2.25,2.7,3,2.3,2.75,3.2,2.25,2.88,3.25,2.25,2.9,3.2,2.15
SP1,08/05/2005,Valencia,Barcelona,0,2,A,0,2,A,2.7,3.2,2.3,2.7,3.2,2.4,2.7,3.2,2.35,2.7,3,2.3,2.75,3.2,2.25,2.8,3.25,2.4,2.75,3.2,2.25
SP1,14/05/2005,Levante,Barcelona,1,1,D,1,0,H,6,3.6,1.57,7,3.75,1.45,6,3.6,1.52,5.8,3.6,1.45,7,4,1.36,6,3.6,1.57,6,3.4,1.5
SP1,14/05/2005,Sevilla,Real Madrid,2,2,D,1,1,D,3.2,3.25,2.2,3.5,3.3,1.95,3,3.3,2.2,3.1,3.2,2,3.5,3.2,1.91,3,3.4,2.2,2.75,3.2,2.25
SP1,15/05/2005,Ath Madrid,Betis,1,2,A,0,2,A,2.25,3.2,2.75,2.25,3.25,2.85,2.25,3.25,2.9,2.3,3.1,2.6,2.2,3.2,2.8,2.3,3.25,2.8,2.3,3.2,2.62
SP1,15/05/2005,Espanol,Valencia,2,2,D,1,1,D,2.3,3.2,2.62,2.25,3.25,2.85,2.25,3.25,2.9,2.2,3,2.9,2.2,3.2,2.8,2.3,3.25,2.8,2.15,3.2,2.9
SP1,15/05/2005,Mallorca,Ath Bilbao,4,3,H,1,2,A,2,3.2,3.25,2,3.25,3.4,2,3.4,3.3,2.1,3,3.1,1.91,3.5,3.2,2,3.4,3.25,2,3.4,3
SP1,15/05/2005,Numancia,Osasuna,2,2,D,1,2,A,2.4,3.2,2.5,2.65,3.15,2.45,2.5,3.2,2.6,2.2,3.1,2.8,2.4,3.25,2.5,2.5,3.2,2.6,2.25,3.3,2.62
SP1,15/05/2005,Santander,Getafe,2,1,H,2,0,H,1.66,3.25,4.5,1.75,3.35,4.3,1.7,3.4,4.65,1.6,3.4,4.6,1.73,3.4,4,1.67,3.4,4.75,1.66,3.4,4.33
SP1,15/05/2005,Sociedad,Malaga,1,3,A,0,1,A,1.83,3.2,3.75,1.8,3.35,4,1.85,3.3,4,1.8,3.1,3.8,1.8,3.25,3.75,1.85,3.25,4,1.8,3.3,3.75
SP1,15/05/2005,Villarreal,Albacete,1,0,H,0,0,D,1.28,4.33,8.5,1.3,4.75,8.2,1.25,5,11,1.15,6,12,1.17,5.5,12,1.25,5,10,1.22,5,9.5
SP1,15/05/2005,Zaragoza,La Coruna,2,2,D,0,2,A,2.2,3,3,2,3.3,3.35,2.2,3.2,3.05,2.1,3.2,2.9,1.83,3.2,3.75,2.2,3.2,3,2,3.2,3.2
SP1,21/05/2005,Betis,Zaragoza,3,2,H,0,1,A,1.36,4,7,1.4,4,7.25,1.45,3.75,7,1.45,3.6,5.8,1.5,3.4,6,1.44,3.75,7,1.44,3.75,6
SP1,21/05/2005,Real Madrid,Ath Madrid,0,0,D,0,0,D,1.53,3.5,7,1.45,3.75,7,1.45,3.75,7,1.45,3.6,5.8,1.44,3.6,6.5,1.5,4,6,1.5,3.4,6
SP1,22/05/2005,Albacete,Sociedad,2,2,D,2,0,H,2.3,3.2,2.62,2.3,3.2,2.8,2.35,3.25,2.7,2.3,3.1,2.6,2.25,3.2,2.75,2.4,3.2,2.7,2.37,3.1,2.62
SP1,22/05/2005,Ath Bilbao,Numancia,0,2,A,0,1,A,1.4,3.6,7.5,1.3,4.75,8.2,1.33,4.5,8,1.3,4.2,8,1.36,3.75,8,1.33,4.6,7.5,1.3,4.33,8
SP1,22/05/2005,Barcelona,Villarreal,3,3,D,2,2,D,1.9,3.5,3.75,1.9,3.3,3.65,1.8,3.35,4,1.75,3.1,4.2,1.8,3.5,3.5,1.85,3.5,4,1.83,3.4,3.5
SP1,22/05/2005,Getafe,Sevilla,0,0,D,0,0,D,4,3.4,1.72,4,3.35,1.8,4,3.4,1.75,3.5,3.1,1.9,3.5,3.5,1.8,4,3.4,1.8,3.75,3.3,1.8
SP1,22/05/2005,La Coruna,Mallorca,0,3,A,0,2,A,2.37,3.25,2.6,2.45,3.4,2.55,2.3,3.4,2.6,2.2,3,2.9,2.25,3.5,2.5,2.4,3.5,2.5,2.37,3.5,2.37
SP1,22/05/2005,Levante,Valencia,0,0,D,0,0,D,2.6,3.25,2.37,3.05,3.35,2.1,2.8,3.3,2.25,2.7,3.2,2.2,2.6,3.2,2.38,2.88,3.4,2.2,2.8,3.2,2.2
SP1,22/05/2005,Malaga,Santander,2,0,H,1,0,H,2,3,3.5,1.9,3.3,3.65,2,3.1,3.6,2,2.9,3.4,1.91,3.2,3.5,2,3.2,3.5,1.83,3,4
SP1,22/05/2005,Osasuna,Espanol,1,1,D,1,1,D,3.2,3.2,2,2.85,3.25,2.25,2.8,3.3,2.25,2.9,3,2.2,2.75,3.25,2.2,3.2,3.25,2.1,3,3.2,2.1
SP1,29/05/2005,Ath Madrid,Getafe,2,2,D,0,1,A,1.72,3.4,4,1.7,3.4,4.55,1.72,3.35,4.5,1.85,3.1,3.6,1.8,3.2,4,1.75,3.4,4.2,1.72,3.25,4.2
SP1,29/05/2005,Espanol,Ath Bilbao,2,0,H,1,0,H,1.57,3.5,5,1.57,3.4,5.85,1.55,3.6,5.5,1.5,3.5,5.4,1.5,3.4,6,1.57,3.4,6,1.44,3.6,6.5
SP1,29/05/2005,Mallorca,Betis,1,1,D,0,0,D,2.3,3.25,2.6,2.35,3.25,2.7,2.4,3.4,2.55,2.3,3.2,2.5,2.5,3.25,2.4,2.4,3.4,2.7,2.37,3.1,2.62
SP1,29/05/2005,Numancia,La Coruna,1,1,D,0,0,D,2.5,3.25,2.4,2.7,3.25,2.35,2.65,3.25,2.4,2.3,3,2.7,2.25,3.2,2.75,2.6,3.2,2.5,2.4,3.25,2.5
SP1,29/05/2005,Santander,Albacete,1,0,H,1,0,H,1.72,3.25,4.33,1.7,3.4,4.55,1.72,3.35,4.5,1.7,3.1,4.4,1.73,3.2,4.33,1.75,3.4,4.2,1.61,3.4,4.8
SP1,29/05/2005,Sevilla,Malaga,0,2,A,0,0,D,1.33,4.33,7.5,1.32,4.5,8,1.35,4.25,8,1.4,3.7,6.5,1.29,4.5,8,1.36,4.33,7.5,1.3,4.5,7.5
SP1,29/05/2005,Sociedad,Barcelona,0,0,D,0,0,D,2.8,3.2,2.2,3.5,3.3,1.95,3.15,3.25,2.1,2.8,3.1,2.2,3.2,3.2,2,3.1,3.3,2.1,2.87,3.2,2.15
SP1,29/05/2005,Valencia,Osasuna,1,0,H,0,0,D,1.33,4.33,7.5,1.3,4.5,9,1.35,4.25,8,1.45,3.6,5.8,1.3,4.33,8,1.33,4.5,8,1.3,4.33,8
SP1,29/05/2005,Villarreal,Levante,4,1,H,2,1,H,1.44,4,5.5,1.4,4,7.25,1.45,3.9,6.5,1.45,3.6,5.8,1.36,4,7,1.44,4.33,5.5,1.4,3.75,7
SP1,29/05/2005,Zaragoza,Real Madrid,1,3,A,1,1,D,2.62,3.2,2.37,2.95,3.25,2.2,2.8,3.25,2.3,2.5,3.1,2.4,2.8,3.2,2.2,2.8,3.3,2.25,2.62,3.1,2.37
